datetime,bench
2019-01-02,-0.0025238567
2019-01-03,-0.0058804774
2019-01-04,0.025286872
2019-01-07,0.02033643
2019-01-08,-0.0008498547
2019-01-09,0.003215618
2019-01-10,-0.0013873084
2019-01-11,0.00903091
2019-01-14,-0.0059746434
2019-01-15,0.01177844
2019-01-16,-0.0017038842
2019-01-17,-0.0100854235
2019-01-18,0.0064347405
2019-01-21,0.006390467
2019-01-22,-0.009246468
2019-01-23,0.0023153443
2019-01-24,0.0047227456
2019-01-25,-0.0077102776
2019-01-28,-0.0074095526
2019-01-29,-0.019609068
2019-01-30,-0.014553588
2019-01-31,-0.01802976
2019-02-01,0.027850784
2019-02-11,0.027290134
2019-02-12,0.014398005
2019-02-13,0.01802564
2019-02-14,0.005254249
2019-02-15,-0.001103457
2019-02-18,0.03393258
2019-02-19,0.0035897254
2019-02-20,0.0026300675
2019-02-21,-0.0030399319
2019-02-22,0.021762365
2019-02-25,0.050446127
2019-02-26,-0.00092200324
2019-02-27,-0.0013075874
2019-02-28,0.0050290064
2019-03-01,0.0065947366
2019-03-04,0.018017618
2019-03-05,0.02641097
2019-03-06,0.021882027
2019-03-07,0.017039126
2019-03-08,-0.045729358
2019-03-11,0.042533703
2019-03-12,0.01921361
2019-03-13,-0.018563567
2019-03-14,-0.027740482
2019-03-15,0.016265962
2019-03-18,0.0238804
2019-03-19,0.004348464
2019-03-20,0.0011697019
2019-03-21,0.011582525
2019-03-22,0.0056836666
2019-03-25,-0.008633852
2019-03-26,-0.025967155
2019-03-27,0.0075256475
2019-03-28,-0.013066161
2019-03-29,0.026995623
2019-04-01,0.03600619
2019-04-02,0.0061310153
2019-04-03,0.011832384
2019-04-04,0.0044703465
2019-04-08,-0.0027754973
2019-04-09,0.0044493633
2019-04-10,-0.00061801827
2019-04-11,-0.01720848
2019-04-12,-0.0001165265
2019-04-15,-0.0076824976
2019-04-16,0.01996293
2019-04-17,0.008776944
2019-04-18,-0.0057684733
2019-04-19,0.007431964
2019-04-22,-0.012111308
2019-04-23,-0.017834172
2019-04-24,0.009857471
2019-04-25,-0.039894845
2019-04-26,-0.012155103
2019-04-29,-0.035821475
2019-04-30,0.01120009
2019-05-06,-0.07434995
2019-05-07,0.015644738
2019-05-08,-0.0010997789
2019-05-09,-0.0077674123
2019-05-10,0.03535447
2019-05-13,-0.0051435228
2019-05-14,-0.007216436
2019-05-15,0.022012042
2019-05-16,0.007827034
2019-05-17,-0.035477623
2019-05-20,-0.0032399578
2019-05-21,0.017777104
2019-05-22,-0.005154276
2019-05-23,-0.022036452
2019-05-24,-0.0061791847
2019-05-27,0.027710984
2019-05-28,0.0019054317
2019-05-29,0.0049582627
2019-05-30,-0.005321254
2019-05-31,0.0014613458
2019-06-03,-0.013907637
2019-06-04,-0.015484566
2019-06-05,0.0017468805
2019-06-06,-0.024210623
2019-06-10,0.011669172
2019-06-11,0.036341716
2019-06-12,-0.0036227389
2019-06-13,0.0067889187
2019-06-14,-0.021903612
2019-06-17,0.0013857501
2019-06-18,-0.0003087671
2019-06-19,0.014556481
2019-06-20,0.015444406
2019-06-21,0.0188611
2019-06-24,-0.0006418354
2019-06-25,-0.009344494
2019-06-26,-2.8413824e-06
2019-06-27,0.0066794106
2019-06-28,-0.01301888
2019-07-01,0.02888286
2019-07-02,0.00033356145
2019-07-03,-0.009479117
2019-07-04,-0.0030172255
2019-07-05,0.0040154476
2019-07-08,-0.034051705
2019-07-09,0.0038224626
2019-07-10,-0.0062049804
2019-07-11,0.0007249935
2019-07-12,0.003246564
2019-07-15,0.00938275
2019-07-16,0.0032819363
2019-07-17,0.00044864623
2019-07-18,-0.01781516
2019-07-19,0.0054172184
2019-07-22,-0.028249925
2019-07-23,0.01232868
2019-07-24,0.013422204
2019-07-25,0.0035176883
2019-07-26,0.00067457935
2019-07-29,0.0006597402
2019-07-30,0.005168329
2019-07-31,-0.005666854
2019-08-01,-0.002534268
2019-08-02,-0.015155976
2019-08-05,-0.010185775
2019-08-06,-0.028143464
2019-08-07,-0.0028353347
2019-08-08,0.0057052174
2019-08-09,-0.011360297
2019-08-12,0.016565789
2019-08-13,-0.005184973
2019-08-14,0.006343523
2019-08-15,0.003231161
2019-08-16,0.0047558206
2019-08-19,0.03018355
2019-08-20,0.0025837673
2019-08-21,0.0005987092
2019-08-22,0.0039365683
2019-08-23,-0.0030351633
2019-08-26,-0.0069436957
2019-08-27,0.01837404
2019-08-28,0.00011486984
2019-08-29,-0.00069033395
2019-08-30,-0.014027188
2019-09-02,0.023875095
2019-09-03,0.007233211
2019-09-04,0.0079306485
2019-09-05,0.009046527
2019-09-06,0.0042545097
2019-09-09,0.020551061
2019-09-10,0.0023624406
2019-09-11,-0.005627656
2019-09-12,0.0063074487
2019-09-16,0.00406633
2019-09-17,-0.022098744
2019-09-18,0.0017413856
2019-09-19,0.011149848
2019-09-20,0.0010359965
2019-09-23,-0.008013054
2019-09-24,0.00281767
2019-09-25,-0.018273104
2019-09-26,-0.027276073
2019-09-27,0.009264223
2019-09-30,-0.0109967785
2019-10-08,0.001358261
2019-10-09,0.009742147
2019-10-10,0.012689022
2019-10-11,0.002035239
2019-10-14,0.015170737
2019-10-15,-0.010520482
2019-10-16,-0.006084412
2019-10-17,-0.0017275306
2019-10-18,-0.011983614
2019-10-21,-0.004265927
2019-10-22,0.011198067
2019-10-23,-0.004936218
2019-10-24,-0.0007967802
2019-10-25,0.005947847
2019-10-28,0.017489376
2019-10-29,-0.014612131
2019-10-30,-0.012592979
2019-10-31,-0.0114697125
2019-11-01,0.00974216
2019-11-04,0.0033002133
2019-11-05,0.0011034501
2019-11-06,-0.008704075
2019-11-07,0.006776793
2019-11-08,-0.0019320978
2019-11-11,-0.02539611
2019-11-12,0.0032318644
2019-11-13,-0.0033777938
2019-11-14,0.006043021
2019-11-15,-0.012800536
2019-11-18,0.0069328644
2019-11-19,0.017253796
2019-11-20,-0.0063889646
2019-11-21,-0.00064332254
2019-11-22,-0.008220599
2019-11-25,-0.0028549386
2019-11-26,-0.0013364458
2019-11-27,-0.0009226806
2019-11-28,-0.002797113
2019-11-29,0.0013943444
2019-12-02,0.0015835288
2019-12-03,0.005968148
2019-12-04,0.0017760183
2019-12-05,0.010065285
2019-12-06,0.0062732506
2019-12-09,0.0033200246
2019-12-10,0.005572707
2019-12-11,-0.0026280947
2019-12-12,-0.0019955884
2019-12-13,0.011472945
2019-12-16,0.016247949
2019-12-17,0.012467477
2019-12-18,0.002980767
2019-12-19,0.00597333
2019-12-20,-0.008349882
2019-12-23,-0.0202136
2019-12-24,0.015939133
2019-12-25,0.0032611778
2019-12-26,0.008720778
2019-12-27,-0.0060146577
2019-12-30,0.0052134986
2019-12-31,0.005937277
2020-01-02,0.018458428
2020-01-03,0.0050176904
2020-01-06,0.007219087
2020-01-07,0.013456842
2020-01-08,-0.013125285
2020-01-09,0.015260584
2020-01-10,-0.0022223443
2020-01-13,0.010659255
2020-01-14,0.00025761523
2020-01-15,-0.004596066
2020-01-16,-0.0032112722
2020-01-17,-0.0021317913
2020-01-20,0.009648714
2020-01-21,-0.011653181
2020-01-22,0.0011530117
2020-01-23,-0.033703968
2020-02-03,-0.08873718
2020-02-04,-0.003968483
2020-02-05,0.027188284
2020-02-06,0.026295226
2020-02-07,0.011998918
2020-02-10,0.016127573
2020-02-11,-0.0054719243
2020-02-12,0.016824309
2020-02-13,-0.009247628
2020-02-14,0.0019463807
2020-02-17,0.034037467
2020-02-18,0.017000712
2020-02-19,-0.0052513457
2020-02-20,0.017877238
2020-02-21,0.01015002
2020-02-24,0.012514923
2020-02-25,-0.0020848864
2020-02-26,-0.015182112
2020-02-27,0.0026860815
2020-02-28,-0.05291897
2020-03-02,0.041671176
2020-03-03,0.012350183
2020-03-04,0.010141635
2020-03-05,0.018408194
2020-03-06,-0.0016921528
2020-03-09,-0.032900296
2020-03-10,0.021500086
2020-03-11,-0.008909776
2020-03-12,-0.018849256
2020-03-13,-0.011807304
2020-03-16,-0.038475633
2020-03-17,-0.0023069992
2020-03-18,-0.015610943
2020-03-19,0.007951334
2020-03-20,0.014256008
2020-03-23,-0.038349252
2020-03-24,0.01934061
2020-03-25,0.023438683
2020-03-26,-0.009769965
2020-03-27,-0.0037833436
2020-03-30,-0.021658715
2020-03-31,0.0003064429
2020-04-01,-0.0056891525
2020-04-02,0.021326475
2020-04-03,-0.0050699436
2020-04-07,0.031092662
2020-04-08,0.004616386
2020-04-09,0.008526712
2020-04-10,-0.023078823
2020-04-13,-0.0078562815
2020-04-14,0.018028723
2020-04-15,-0.006016999
2020-04-16,0.0046019484
2020-04-17,-3.3729215e-05
2020-04-20,0.011370404
2020-04-21,-0.0048297937
2020-04-22,0.009592143
2020-04-23,-0.0034627
2020-04-24,-0.017172355
2020-04-27,-0.0062384536
2020-04-28,-0.020452099
2020-04-29,-0.0008471053
2020-04-30,0.02227485
2020-05-06,0.018533139
2020-05-07,-0.0015052859
2020-05-08,0.0110043455
2020-05-11,0.0006861833
2020-05-12,-9.289619e-05
2020-05-13,0.0059795678
2020-05-14,-0.007737218
2020-05-15,0.0030550212
2020-05-18,-0.00355424
2020-05-19,0.012006256
2020-05-20,-0.007492444
2020-05-21,-0.009094387
2020-05-22,-0.015701622
2020-05-25,-0.0011942312
2020-05-26,0.021034257
2020-05-27,-0.0018594143
2020-05-28,-0.003159243
2020-05-29,0.0078008994
2020-06-01,0.027951427
2020-06-02,0.0055840635
2020-06-03,0.0005951139
2020-06-04,0.004024238
2020-06-05,-6.038006e-05
2020-06-08,-0.0013354006
2020-06-09,0.0046509104
2020-06-10,-0.0021035564
2020-06-11,-0.0030689393
2020-06-12,0.0011322009
2020-06-15,-0.0015227419
2020-06-16,0.017190184
2020-06-17,0.0048127496
2020-06-18,-0.0010787448
2020-06-19,0.004963687
2020-06-22,0.002240257
2020-06-23,-0.000660214
2020-06-24,-0.002098182
2020-06-29,-0.0050006467
2020-06-30,0.015415723
2020-07-01,0.005425784
2020-07-02,0.014019371
2020-07-03,0.011805931
2020-07-06,0.039434325
2020-07-07,0.010309548
2020-07-08,0.02136405
2020-07-09,0.02671884
2020-07-10,-0.0060357293
2020-07-13,0.033360332
2020-07-14,-0.0043286253
2020-07-15,-0.025517067
2020-07-16,-0.045031205
2020-07-17,0.0019036275
2020-07-20,0.034687124
2020-07-21,0.0050455416
2020-07-22,0.005056092
2020-07-23,-0.0022445784
2020-07-24,-0.04101112
2020-07-27,0.00056997495
2020-07-28,0.0117119495
2020-07-29,0.024664404
2020-07-30,0.00011200282
2020-07-31,0.012517615
2020-08-03,0.03009286
2020-08-04,-0.00450577
2020-08-05,0.010384882
2020-08-06,-0.001204193
2020-08-07,-0.0123528885
2020-08-10,0.008131783
2020-08-11,-0.018310325
2020-08-12,-0.006995641
2020-08-13,0.0060220864
2020-08-14,0.0076931203
2020-08-17,0.018969227
2020-08-18,0.007839885
2020-08-19,-0.014777325
2020-08-20,-0.0111204
2020-08-21,0.006896592
2020-08-24,0.0061964206
2020-08-25,0.0005210985
2020-08-26,-0.020762518
2020-08-27,0.011754906
2020-08-28,0.009186383
2020-08-31,0.0015465186
2020-09-01,0.0057202214
2020-09-02,0.005282695
2020-09-03,-0.008988042
2020-09-04,0.0014227857
2020-09-07,-0.011540764
2020-09-08,0.009328077
2020-09-09,-0.026145702
2020-09-10,-0.037253153
2020-09-11,0.015120267
2020-09-14,0.015958708
2020-09-15,0.0031998295
2020-09-16,-0.005760314
2020-09-17,0.0041547287
2020-09-18,0.0125508765
2020-09-21,-0.0018253706
2020-09-22,-0.014885679
2020-09-23,0.0075565893
2020-09-24,-0.026127756
2020-09-25,-0.0055905096
2020-09-28,-0.014554727
2020-09-29,0.0077067814
2020-09-30,-0.0022546991
2020-10-09,0.030278787
2020-10-12,0.03019942
2020-10-13,0.0035690821
2020-10-14,-0.0051072165
2020-10-15,-0.0071373726
2020-10-16,0.00060437294
2020-10-19,-0.0051424815
2020-10-20,0.010623455
2020-10-21,-0.011099736
2020-10-22,-0.0031250033
2020-10-23,-0.013148179
2020-10-26,0.0022276926
2020-10-27,0.00069486635
2020-10-28,0.0020538897
2020-10-29,-0.0026040534
2020-10-30,-0.02616264
2020-11-02,0.0013406625
2020-11-03,0.020260533
2020-11-04,-0.0018359722
2020-11-05,0.01738749
2020-11-06,-0.008929961
2020-11-09,0.021913026
2020-11-10,-0.009056526
2020-11-11,-0.011728456
2020-11-12,0.0011139374
2020-11-13,0.00017910286
2020-11-16,0.010528583
2020-11-17,-0.0064878473
2020-11-18,0.0041896673
2020-11-19,0.0030759927
2020-11-20,0.0057447115
2020-11-23,0.0035313696
2020-11-24,-0.00034940985
2020-11-25,-0.013095854
2020-11-26,-0.004280252
2020-11-27,-0.0006261414
2020-11-30,-0.0023270415
2020-12-01,0.013034675
2020-12-02,0.0023650932
2020-12-03,-0.0021514704
2020-12-04,0.0022842847
2020-12-07,-0.004887121
2020-12-08,-0.0020984549
2020-12-09,-0.01851515
2020-12-10,-0.00048319274
2020-12-11,-0.016330048
2020-12-14,0.007103495
2020-12-15,-0.00044225724
2020-12-16,-0.011715288
2020-12-17,0.009297587
2020-12-18,-0.004114342
2020-12-21,0.010276129
2020-12-22,-0.02066896
2020-12-23,0.0038629037
2020-12-24,-0.018803317
2020-12-25,0.009444865
2020-12-28,-0.011244899
2020-12-29,-0.0027729056
2020-12-30,0.0047412263
2020-12-31,0.014034678
2021-01-04,0.015332874
2021-01-05,6.623081e-05
2021-01-06,-0.01235388
2021-01-07,-0.025415184
2021-01-08,-0.0011522236
2021-01-11,-0.022581628
2021-01-12,0.008013247
2021-01-13,-0.014778365
2021-01-14,0.004183476
2021-01-15,0.013486383
2021-01-18,0.015380031
2021-01-19,0.003619562
2021-01-20,0.0038485148
2021-01-21,0.0067264885
2021-01-22,-0.009362817
2021-01-25,-0.013586666
2021-01-26,-0.008292094
2021-01-27,0.0017575481
2021-01-28,-0.0134872515
2021-01-29,-0.013999735
2021-02-01,0.0064699077
2021-02-02,0.0027267102
2021-02-03,-0.015400277
2021-02-04,-0.018104596
2021-02-05,-0.013068909
2021-02-08,0.0013074398
2021-02-09,0.017976133
2021-02-10,0.006913298
2021-02-18,0.025667911
2021-02-19,0.026218893
2021-02-22,0.008125108
2021-02-23,-0.005727468
2021-02-24,-0.0013825339
2021-02-25,-0.006379175
2021-02-26,-0.003955202
2021-03-01,0.022288738
2021-03-02,-0.00554812
2021-03-03,0.012985288
2021-03-04,-0.009419231
2021-03-05,0.007785317
2021-03-08,-0.0122267
2021-03-09,-0.025473164
2021-03-10,-0.011001407
2021-03-11,0.020150691
2021-03-12,0.00092780206
2021-03-15,-0.0032798932
2021-03-16,0.012770494
2021-03-17,0.005982333
2021-03-18,0.0014417631
2021-03-19,-0.0022818025
2021-03-22,0.016837751
2021-03-23,-0.011226272
2021-03-24,-0.008557471
2021-03-25,-0.0034583635
2021-03-26,0.013287813
2021-03-29,0.0015773459
2021-03-30,-0.00684998
2021-03-31,0.0023613297
2021-04-01,0.0028509877
2021-04-02,0.004881966
2021-04-06,0.010170265
2021-04-07,0.007372825
2021-04-08,-0.006540919
2021-04-09,0.0004938158
2021-04-12,-0.013049719
2021-04-13,-0.0073363674
2021-04-14,0.011586219
2021-04-15,-0.0032985965
2021-04-16,0.015772527
2021-04-19,0.013927705
2021-04-20,-0.0038355484
2021-04-21,-0.002886065
2021-04-22,0.0042087324
2021-04-23,-0.00797075
2021-04-26,-0.0035956404
2021-04-27,-0.007291927
2021-04-28,0.0027934124
2021-04-29,-0.0029478753
2021-04-30,-0.007247506
2021-05-06,0.0047543403
2021-05-07,-0.0047273417
2021-05-10,0.0051688277
2021-05-11,0.004545089
2021-05-12,0.010476728
2021-05-13,-0.004888515
2021-05-14,0.013256896
2021-05-17,-0.007181882
2021-05-18,0.005860552
2021-05-19,-0.0006177799
2021-05-20,-0.0030009528
2021-05-21,0.001606157
2021-05-24,0.0064468067
2021-05-25,0.008604282
2021-05-26,0.007184067
2021-05-27,0.008626664
2021-05-28,-0.0034931402
2021-05-31,0.012982653
2021-06-01,0.00854027
2021-06-02,-0.0064248946
2021-06-03,-0.0004809315
2021-06-04,-0.00023381483
2021-06-07,0.008205711
2021-06-08,-0.0011033106
2021-06-09,0.0025744755
2021-06-10,0.005961781
2021-06-11,-0.006128076
2021-06-15,-0.0080086915
2021-06-16,-0.011363501
2021-06-17,0.0074402136
2021-06-18,0.008612582
2021-06-21,0.012201682
2021-06-22,0.006027175
2021-06-23,0.0037946182
2021-06-24,-0.0060929735
2021-06-25,0.0026367416
2021-06-28,0.006240724
2021-06-29,-0.008303547
2021-06-30,0.0073240683
2021-07-01,-0.013487545
2021-07-02,-0.0050966777
2021-07-05,0.013085191
2021-07-06,0.00020946529
2021-07-07,0.008301669
2021-07-08,-0.004491622
2021-07-09,0.006018899
2021-07-12,0.012843672
2021-07-13,0.0055523063
2021-07-14,-0.007426859
2021-07-15,-0.006322428
2021-07-16,-0.0012658148
2021-07-19,-0.0014444353
2021-07-20,0.0029668128
2021-07-21,0.012570747
2021-07-22,0.005254871
2021-07-23,-0.010860148
2021-07-26,-0.014264539
2021-07-27,-0.019150628
2021-07-28,-0.023242794
2021-07-29,0.025990289
2021-07-30,0.009377194
2021-08-02,0.019484483
2021-08-03,-0.0026657558
2021-08-04,0.011748253
2021-08-05,-0.0063417787
2021-08-06,3.355941e-05
2021-08-09,0.011897911
2021-08-10,0.010293072
2021-08-11,0.0066525317
2021-08-12,0.0033362198
2021-08-13,0.00024687278
2021-08-16,0.0008999455
2021-08-17,-0.024188917
2021-08-18,0.008822362
2021-08-19,-0.0020268306
2021-08-20,-0.0059560305
2021-08-23,0.025493585
2021-08-24,0.0060498603
2021-08-25,0.007818268
2021-08-26,-0.006629214
2021-08-27,-0.001960768
2021-08-30,0.0008091748
2021-08-31,-0.0010724496
2021-09-01,-0.003956347
2021-09-02,0.010933139
2021-09-03,0.0013898603
2021-09-06,0.011751862
2021-09-07,0.011388274
2021-09-08,0.0076219593
2021-09-09,7.652534e-05
2021-09-10,-0.004703962
2021-09-13,0.0043399236
2021-09-14,-0.0100207515
2021-09-15,0.0061418083
2021-09-16,-0.014374604
2021-09-17,-0.003054696
2021-09-22,0.0038362248
2021-09-23,0.007323369
2021-09-24,-0.01660715
2021-09-27,-0.027159305
2021-09-28,0.003414865
2021-09-29,-0.029390216
2021-09-30,0.021396996
2021-10-08,0.014446086
2021-10-11,-0.0019565483
2021-10-12,-0.016206317
2021-10-13,0.00391073
2021-10-14,0.006195735
2021-10-15,-0.007174799
2021-10-18,0.0070324857
2021-10-19,0.005006336
2021-10-20,-0.0018877917
2021-10-21,-0.005314026
2021-10-22,-0.008568949
2021-10-25,0.007212613
2021-10-26,-0.0036351166
2021-10-27,-0.016858783
2021-10-28,-0.018277766
2021-10-29,0.015492303
2021-11-01,0.012921579
2021-11-02,-0.012032378
2021-11-03,0.0068742754
2021-11-04,0.014144272
2021-11-05,-0.004254847
2021-11-08,0.0055911527
2021-11-09,0.011203346
2021-11-10,0.005969248
2021-11-11,0.010131859
2021-11-12,0.010436163
2021-11-15,0.009237988
2021-11-16,-0.008444494
2021-11-17,0.01446442
2021-11-18,-0.0068786433
2021-11-19,0.01198688
2021-11-22,0.009164771
2021-11-23,0.004104035
2021-11-24,0.004455235
2021-11-25,0.00047282598
2021-11-26,-0.0022077872
2021-11-29,-5.8279606e-05
2021-11-30,0.007932052
2021-12-01,0.009825702
2021-12-02,-0.011759167
2021-12-03,0.004175046
2021-12-06,-0.015226049
2021-12-07,-0.0070203026
2021-12-08,0.012604108
2021-12-09,0.005076776
2021-12-10,0.003814016
2021-12-13,0.0045963004
2021-12-14,0.005776698
2021-12-15,0.0016450372
2021-12-16,0.008978699
2021-12-17,-0.007993464
2021-12-20,-0.010411718
2021-12-21,0.015375624
2021-12-22,0.0045046094
2021-12-23,-0.0049402704
2021-12-24,-0.016944107
2021-12-27,0.0045481864
2021-12-28,0.0064741033
2021-12-29,-0.000741923
2021-12-30,0.00982393
2021-12-31,0.005925688
2022-01-04,0.010691847
2022-01-05,-0.014522444
2022-01-06,0.008962635
2022-01-07,-0.015978638
2022-01-10,0.009125939
2022-01-11,-0.0047374405
2022-01-12,0.0140369795
2022-01-13,-0.009023445
2022-01-14,-0.0039224927
2022-01-17,0.016189527
2022-01-18,-0.012613002
2022-01-19,0.0009004314
2022-01-20,-0.023848066
2022-01-21,-0.011842247
2022-01-24,-0.0026553662
2022-01-25,-0.040429104
2022-01-26,0.006392433
2022-01-27,-0.03239808
2022-01-28,0.011850094
2022-02-07,0.014523531
2022-02-08,0.013565842
2022-02-09,0.014661569
2022-02-10,-0.0032025005
2022-02-11,-0.020153861
2022-02-14,0.00024748282
2022-02-15,0.0056675384
2022-02-16,0.0125418855
2022-02-17,-0.0023396912
2022-02-18,0.0069711814
2022-02-21,0.013402832
2022-02-22,-0.011061674
2022-02-23,0.016903238
2022-02-24,-0.02357387
2022-02-25,0.010194677
2022-02-28,0.0004763528
2022-03-01,0.00828556
2022-03-02,0.003998819
2022-03-03,-0.0024203197
2022-03-04,-0.011160098
2022-03-07,-0.015469385
2022-03-08,-0.031997174
2022-03-09,-0.013496513
2022-03-10,0.017516023
2022-03-11,0.0073525044
2022-03-14,-0.027096504
2022-03-15,-0.050703913
2022-03-16,0.03059676
2022-03-17,0.019203894
2022-03-18,0.013129826
2022-03-21,0.0135615375
2022-03-22,-0.0020552408
2022-03-23,0.003234471
2022-03-24,-0.0112071615
2022-03-25,-0.0045103943
2022-03-28,-0.0041723265
2022-03-29,-0.009546592
2022-03-30,0.016442455
2022-03-31,-0.00202339
2022-04-01,-0.0021068517
2022-04-06,0.009341348
2022-04-07,-0.023085717
2022-04-08,-0.006746242
2022-04-11,-0.029252037
2022-04-12,0.017435161
2022-04-13,-0.019013349
2022-04-14,0.009072128
2022-04-15,-0.016653057
2022-04-18,0.00791352
2022-04-19,0.0043985196
2022-04-20,-0.009744018
2022-04-21,-0.03749871
2022-04-22,-0.008901401
2022-04-25,-0.075169526
2022-04-26,-0.034014985
2022-04-27,0.03155802
2022-04-28,-0.016099345
2022-04-29,0.045085225
2022-05-05,0.018161966
2022-05-06,-0.010208089
2022-05-09,0.016496545
2022-05-10,0.01763693
2022-05-11,0.0039577223
2022-05-12,0.00804581
2022-05-13,0.0063251597
2022-05-16,0.0020358611
2022-05-17,-0.0008831087
2022-05-18,0.007117504
2022-05-19,0.007170933
2022-05-20,0.011997816
2022-05-23,0.013424602
2022-05-24,-0.041956693
2022-05-25,0.01979098
2022-05-26,0.004643878
2022-05-27,0.00086119305
2022-05-30,0.01005229
2022-05-31,0.012449755
2022-06-01,0.007648792
2022-06-02,0.011428852
2022-06-06,0.017588703
2022-06-07,-0.005104876
2022-06-08,-0.0018540624
2022-06-09,-0.019417623
2022-06-10,0.017797831
2022-06-13,0.003912119
2022-06-14,0.00030110846
2022-06-15,-0.001405416
2022-06-16,0.008327846
2022-06-17,0.0053517115
2022-06-20,0.011733605
2022-06-21,-0.0042914366
2022-06-22,-0.012392232
2022-06-23,0.020045804
2022-06-24,0.011254308
2022-06-27,0.008467664
2022-06-28,0.014667733
2022-06-29,-0.021401215
2022-06-30,0.008738532
2022-07-01,-0.0015060158
2022-07-04,0.006798313
2022-07-05,-0.008278587
2022-07-06,-0.008146191
2022-07-07,0.0067367167
2022-07-08,0.001998703
2022-07-11,-0.008226673
2022-07-12,-0.015994778
2022-07-13,0.012215991
2022-07-14,0.007530806
2022-07-15,-0.016241131
2022-07-18,0.024664171
2022-07-19,0.010299843
2022-07-20,0.009507723
2022-07-21,-0.0032564152
2022-07-22,-0.0023974949
2022-07-25,-0.008185992
2022-07-26,0.010692891
2022-07-27,0.009337051
2022-07-28,0.008499998
2022-07-29,-0.005212379
2022-08-01,0.0062002596
2022-08-02,-0.038300883
2022-08-03,-0.00415279
2022-08-04,0.013838072
2022-08-05,0.012868019
2022-08-08,0.013725844
2022-08-09,0.0037612498
2022-08-10,0.003364311
2022-08-11,0.013030652
2022-08-12,-0.004763273
2022-08-15,0.004397538
2022-08-16,0.0076162443
2022-08-17,0.0026366091
2022-08-18,0.002583263
2022-08-19,-0.0131936055
2022-08-22,0.0056750374
2022-08-23,0.00412976
2022-08-24,-0.030547477
2022-08-25,-0.004320869
2022-08-26,-0.0054908255
2022-08-29,0.008230408
2022-08-30,-0.0034312145
2022-08-31,-0.026968423
2022-09-01,-0.0038637156
2022-09-02,0.013768873
2022-09-05,0.0025587273
2022-09-06,0.013259784
2022-09-07,0.0041900636
2022-09-08,-0.0096127605
2022-09-09,-0.0005375653
2022-09-13,0.0030277753
2022-09-14,-0.0075728456
2022-09-15,-0.024066651
2022-09-16,-0.023619575
2022-09-19,-0.012949814
2022-09-20,0.014788544
2022-09-21,0.0029876789
2022-09-22,-0.0033045725
2022-09-23,-0.020426486
2022-09-26,-0.017726729
2022-09-27,0.024254696
2022-09-28,-0.026479166
2022-09-29,-0.0047882516
2022-09-30,-0.013004968
2022-10-10,-0.018194254
2022-10-11,0.0057198107
2022-10-12,0.028372418
2022-10-13,0.010365142
2022-10-14,0.02318714
2022-10-17,0.01631168
2022-10-18,0.0037435375
2022-10-19,-0.0082888855
2022-10-20,-0.0024393916
2022-10-21,0.0010671763
2022-10-24,-0.012994607
2022-10-25,-0.0033012787
2022-10-26,0.021167642
2022-10-27,-0.0029109458
2022-10-28,-0.035717364
2022-10-31,0.0116934385
2022-11-01,0.02549459
2022-11-02,0.013730055
2022-11-03,0.004730939
2022-11-04,0.017203098
2022-11-07,0.00667931
2022-11-08,-0.00079605513
2022-11-09,0.00050947693
2022-11-10,-0.0047515547
2022-11-11,0.0043031215
2022-11-14,-0.0011633615
2022-11-15,0.02003643
2022-11-16,-0.0021302914
2022-11-17,0.0049621826
2022-11-18,-0.00718847
2022-11-21,0.0035195178
2022-11-22,-0.011979629
2022-11-23,-0.0063919695
2022-11-24,0.0037250475
2022-11-25,-0.008752643
2022-11-28,-0.004375887
2022-11-29,0.018536527
2022-11-30,-0.0010593303
2022-12-01,0.008971387
2022-12-02,0.0065402626
2022-12-05,0.007770494
2022-12-06,-0.0040681204
2022-12-07,0.00089228747
2022-12-08,-0.0034230656
2022-12-09,-0.0014087338
2022-12-12,-0.0018153542
2022-12-13,-0.003760127
2022-12-14,-0.002574637
2022-12-15,0.0037049258
2022-12-16,-0.011304933
2022-12-19,-0.022394544
2022-12-20,-0.0042971247
2022-12-21,-0.00763521
2022-12-22,-0.014427305
2022-12-23,-0.0027716574
2022-12-26,0.017069966
2022-12-27,0.005317751
2022-12-28,-0.011326486
2022-12-29,-0.003520115
2022-12-30,0.006626819
2023-01-03,0.0232732
2023-01-04,0.0042876676
2023-01-05,0.006381378
2023-01-06,-0.0016232413
2023-01-09,0.006168
2023-01-10,-0.0009904201
2023-01-11,-0.008672055
2023-01-12,0.0004553147
2023-01-13,0.004098818
2023-01-16,0.011397638
2023-01-17,-0.0008110896
2023-01-18,0.004412493
2023-01-19,0.0067320596
2023-01-20,0.007932537
2023-01-30,0.013321111
2023-01-31,0.003000465
2023-02-01,0.017023416
2023-02-02,0.0034179203
2023-02-03,0.00017035422
2023-02-06,-0.0017282096
2023-02-07,0.0070327595
2023-02-08,-0.004832954
2023-02-09,0.01376249
2023-02-10,-0.0012477849
2023-02-13,0.010356844
2023-02-14,0.0009776548
2023-02-15,0.0023517201
2023-02-16,-0.022840869
2023-02-17,-0.0053006895
2023-02-20,0.01280423
2023-02-21,0.004031011
2023-02-22,0.0019268822
2023-02-23,-0.0020776927
2023-02-24,-0.0023392604
2023-02-27,-0.00859063
2023-02-28,0.009302862
2023-03-01,0.008873855
2023-03-02,-0.0037434082
2023-03-03,-0.00025162063
2023-03-06,0.0016824637
2023-03-07,-0.02064101
2023-03-08,0.008836727
2023-03-09,0.0024436365
2023-03-10,-0.013234138
2023-03-13,0.0024334218
2023-03-14,-0.011441867
2023-03-15,0.008435234
2023-03-16,-0.015577802
2023-03-17,0.007443609
2023-03-20,-0.003203589
2023-03-21,0.015330347
2023-03-22,0.006109021
2023-03-23,0.0007971387
2023-03-24,0.0007657475
2023-03-27,0.00011234269
2023-03-28,-0.008286059
2023-03-29,-0.0038247185
2023-03-30,-0.0031450887
2023-03-31,0.009443446
2023-04-03,0.010264555
2023-04-04,-0.008335035
2023-04-06,3.4165907e-05
2023-04-07,0.010043727
2023-04-10,-0.011926767
2023-04-11,0.0013772979
2023-04-12,0.0086216545
2023-04-13,-0.004747024
2023-04-14,0.0046246727
2023-04-17,0.00074068765
2023-04-18,-0.005215848
2023-04-19,-0.0036000956
2023-04-20,-0.004499081
2023-04-21,-0.026996883
2023-04-24,-0.004968407
2023-04-25,-0.021312598
2023-04-26,0.009322446
2023-04-27,0.0010652358
2023-04-28,0.019403126
2023-05-04,0.005084778
2023-05-05,-0.0081669185
2023-05-08,0.005551398
2023-05-09,-0.0150832245
2023-05-10,0.004772524
2023-05-11,0.0056142816
2023-05-12,-0.009463591
2023-05-15,0.009061593
2023-05-16,-0.0067255157
2023-05-17,0.010101451
2023-05-18,0.00504392
2023-05-19,0.0016999061
2023-05-22,0.004535037
2023-05-23,-0.008704571
2023-05-24,-0.0003122403
2023-05-25,-9.1838396e-05
2023-05-26,0.0046507595
2023-05-29,-0.003680142
2023-05-30,0.0045823134
2023-05-31,-0.0017606068
2023-06-01,0.0032095467
2023-06-02,0.008005558
2023-06-05,0.003708365
2023-06-06,-0.019884566
2023-06-07,0.004677139
2023-06-08,-0.004879947
2023-06-09,0.0056882272
2023-06-12,0.007296675
2023-06-13,0.0045922035
2023-06-14,0.0009053018
2023-06-15,0.00413914
2023-06-16,0.0069283084
2023-06-19,0.000653402
2023-06-20,-0.0036407413
2023-06-21,-0.015496137
2023-06-26,-0.017573753
2023-06-27,0.018404767
2023-06-28,-0.0026535685
2023-06-29,0.00962104
2023-06-30,0.012047064
2023-07-03,0.0042474484
2023-07-04,0.006428688
2023-07-05,-0.006221134
2023-07-06,-0.00065585383
2023-07-07,-0.005157253
2023-07-10,0.0010594038
2023-07-11,0.008565065
2023-07-12,-0.011613366
2023-07-13,0.0102350535
2023-07-14,0.00014114473
2023-07-17,-0.0023980564
2023-07-18,-3.664579e-05
2023-07-19,-0.0013000936
2023-07-20,-0.0110856425
2023-07-21,-0.0035246948
2023-07-24,-0.00016685632
2023-07-25,0.016427476
2023-07-26,-0.0041841725
2023-07-27,-0.006689708
2023-07-28,0.007309545
2023-07-31,0.008054373
2023-08-01,-0.0028116186
2023-08-02,-0.0012681229
2023-08-03,-0.0008021311
2023-08-04,0.0009839934
2023-08-07,-0.0056497487
2023-08-08,-0.0015820978
2023-08-09,-0.007305457
2023-08-10,0.003259827
2023-08-11,-0.016081778
2023-08-14,0.0038156512
2023-08-15,-0.0062698903
2023-08-16,-0.009499629
2023-08-17,0.013071711
2023-08-18,-0.012781808
2023-08-21,-0.0064806156
2023-08-22,0.0020913056
2023-08-23,-0.017111579
2023-08-24,-0.00080245815
2023-08-25,-0.019162752
2023-08-28,0.008975746
2023-08-29,0.036257565
2023-08-30,0.0076617724
2023-08-31,-0.004827067
2023-09-01,0.00047725232
2023-09-04,0.013265777
2023-09-05,-0.0046268734
2023-09-06,0.0051391665
2023-09-07,-0.016897524
2023-09-08,0.0026996194
2023-09-11,0.008957424
2023-09-12,-0.0009198082
2023-09-13,-0.01090075
2023-09-14,-0.008045826
2023-09-15,0.0015649189
2023-09-18,0.006952967
2023-09-19,-0.010062118
2023-09-20,-0.00712796
2023-09-21,-0.007067899
2023-09-22,0.01891573
2023-09-25,-0.0040955665
2023-09-26,-0.0039787325
2023-09-27,0.004296475
2023-09-28,0.0096800355
2023-10-09,-0.0046965424
2023-10-10,-0.002701749
2023-10-11,0.0027235362
2023-10-12,0.0054557323
2023-10-13,-0.0065861507
2023-10-16,-0.006171644
2023-10-17,-0.0014537943
2023-10-18,-0.01795843
2023-10-19,-0.008776685
2023-10-20,-0.009305333
2023-10-23,-0.024093196
2023-10-24,0.024478426
2023-10-25,0.013873893
2023-10-26,0.0033097826
2023-10-27,0.014950894
2023-10-30,0.012686066
2023-10-31,-0.0038312317
2023-11-01,0.0019757135
2023-11-02,-0.010171871
2023-11-03,0.012709562
2023-11-06,0.020210598
2023-11-07,0.0052392087
2023-11-08,0.0021122035
2023-11-09,-0.0059564835
2023-11-10,-0.0014396682
2023-11-13,0.010293043
2023-11-14,0.0054106372
2023-11-15,0.006264226
2023-11-16,-0.0074168174
2023-11-17,0.0078319255
2023-11-20,0.009878138
2023-11-21,-0.0051896726
2023-11-22,-0.009754078
2023-11-23,0.009421997
2023-11-24,-0.0120386705
2023-11-27,3.1927717e-05
2023-11-28,0.008006083
2023-11-29,-0.005715277
2023-11-30,-0.005344713
2023-12-01,0.0058105276
2023-12-04,0.00011639352
2023-12-05,-0.017822083
2023-12-06,0.0049240743
2023-12-07,-0.0029638312
2023-12-08,-0.00895555
2023-12-11,0.010825372
2023-12-12,0.004340705
2023-12-13,-0.0060311495
2023-12-14,-0.002499093
2023-12-15,-0.00408089
2023-12-18,-0.013566764
2023-12-19,0.0020478205
2023-12-20,-0.009918716
2023-12-21,0.0070490707
2023-12-22,-0.013426404
2023-12-25,-0.0032452794
2023-12-26,-0.013213099
2023-12-27,0.0077145887
2023-12-28,0.019338405
2023-12-29,0.0151439775
2024-01-02,0.0014470199
2024-01-03,-0.004497493
2024-01-04,-0.0033524223
2024-01-05,-0.016673977
2024-01-08,-0.019338725
2024-01-09,0.0056092804
2024-01-10,-0.009026323
2024-01-11,0.016740311
2024-01-12,-0.007342432
2024-01-15,-0.0019398947
2024-01-16,-0.0041974643
2024-01-17,-0.025045017
2024-01-18,-0.0068652118
2024-01-19,-0.012903087
2024-01-22,-0.057595298
2024-01-23,0.002738147
2024-01-24,0.014901615
2024-01-25,0.036437616
2024-01-26,-0.0036941143
2024-01-29,-0.030000122
2024-01-30,-0.032132283
2024-01-31,-0.047143858
2024-02-01,-0.014330799
2024-02-02,-0.04273283
2024-02-05,-0.08246746
2024-02-06,0.026286328
2024-02-07,-0.01369849
2024-02-08,0.06947512
2024-02-19,0.032908905
2024-02-20,0.012432908
2024-02-21,0.016476223
2024-02-22,0.02290334
2024-02-23,0.027161364
2024-02-26,0.014636746
2024-02-27,0.027358143
2024-02-28,-0.06103108
2024-02-29,0.037797257
2024-03-01,0.011689717
2024-03-04,0.0022164788
2024-03-05,-0.015136455
2024-03-06,0.009973019
2024-03-07,-0.008171538
2024-03-08,0.0105769
2024-03-11,0.019476797
2024-03-12,0.01227468
2024-03-13,0.0017338671
2024-03-14,-0.0054827533
2024-03-15,0.014085197
2024-03-18,0.020090701
2024-03-19,-0.0027115585
2024-03-20,0.011489217
2024-03-21,0.0010519172
2024-03-22,-0.014131648
2024-03-25,-0.024271362
2024-03-26,0.00013973145
2024-03-27,-0.032014158
2024-03-28,0.023038154
2024-03-29,0.012590935
2024-04-01,0.022469977
2024-04-02,-0.0015578977
2024-04-03,-0.007827521
2024-04-08,-0.023836644
2024-04-09,0.014413056
2024-04-10,-0.020953668
2024-04-11,0.0021959736
2024-04-12,-0.007143176
2024-04-15,-0.033362333
2024-04-16,-0.06392723
2024-04-17,0.059669357
2024-04-18,-0.0013952244
2024-04-19,-0.005787783
2024-04-22,-0.006035256
2024-04-23,0.006829112
2024-04-24,0.019245643
2024-04-25,0.004545028
2024-04-26,0.014690475
2024-04-29,0.028310966
2024-04-30,-0.0059345444
2024-05-06,0.02238256
2024-05-07,0.00695823
2024-05-08,-0.01293475
2024-05-09,0.013856593
2024-05-10,-0.010403024
2024-05-13,-0.016183948
2024-05-14,0.00859609
2024-05-15,-0.0069501377
2024-05-16,0.005072861
2024-05-17,0.0135651
2024-05-20,0.0036650093
2024-05-21,-0.009745504
2024-05-22,0.005163052
2024-05-23,-0.020848408
2024-05-24,-0.009722527
2024-05-27,0.0063145882
2024-05-28,-0.010002222
2024-05-29,0.0027919689
2024-05-30,-0.0059519936
2024-05-31,0.00726045
2024-06-03,-0.018388076
2024-06-04,-0.0072574844
2024-06-05,-0.018292518
2024-06-06,-0.03564976
2024-06-07,0.01849487
2024-06-11,0.0064569735
2024-06-12,0.013374979
2024-06-13,-0.0030498204
2024-06-14,0.0007578389
2024-06-17,-0.0045925705
2024-06-18,0.012987378
2024-06-19,-0.005659726
2024-06-20,-0.01923388
2024-06-21,-0.0015667138
2024-06-24,-0.036290362
2024-06-25,8.8706865e-06
2024-06-26,0.028486101
2024-06-27,-0.018134965
2024-06-28,0.0047935303
2024-07-01,0.008351232
2024-07-02,0.00018978106
2024-07-03,-0.008530208
2024-07-04,-0.026518906
2024-07-05,0.010932572
2024-07-08,-0.026299879
2024-07-09,0.018012153
2024-07-10,-0.007129024
2024-07-11,0.030854248
2024-07-12,-0.0026109696
2024-07-15,-0.014653301
2024-07-16,0.0012354463
2024-07-17,-0.010758749
2024-07-18,-0.00024560434
2024-07-19,0.006685386
2024-07-22,0.0048994166
2024-07-23,-0.020095704
2024-07-24,-0.015461375
2024-07-25,0.0049272575
2024-07-26,0.016291814
2024-07-29,0.0012386638
2024-07-30,0.005546385
2024-07-31,0.03392195
2024-08-01,0.0008739782
2024-08-02,-0.012674218
2024-08-05,-0.024665756
2024-08-06,0.018998753
2024-08-07,0.00020050733
2024-08-08,-0.0021721115
2024-08-09,-0.007167355
2024-08-12,-0.00702225
2024-08-13,0.007043258
2024-08-14,-0.005120345
2024-08-15,0.008534634
2024-08-16,-0.004674729
2024-08-19,-0.0039616725
2024-08-20,-0.017072849
2024-08-21,-0.002567935
2024-08-22,-0.014842672
2024-08-23,-0.0046118107
2024-08-26,0.010738832
2024-08-27,-0.013439838
2024-08-28,0.0046701767
2024-08-29,0.014599442
2024-08-30,0.01940608
2024-09-02,-0.016521787
2024-09-03,0.009736143
2024-09-04,-0.0064762617
2024-09-05,0.009013546
2024-09-06,-0.018440189
2024-09-09,-0.0023282187
2024-09-10,0.0054471586
2024-09-11,-0.0046085315
2024-09-12,-0.0025149507
2024-09-13,-0.013217089
2024-09-18,-0.006652488
2024-09-19,0.022619355
2024-09-20,-0.0033167058
2024-09-23,0.0020220678
2024-09-24,0.03525943
2024-09-25,0.012156251
2024-09-26,0.03434795
2024-09-27,0.049630884
2024-09-30,0.110733315
2024-10-08,0.0823522
2024-10-09,-0.08949198
2024-10-10,0.0012867501
2024-10-11,-0.039215337
2024-10-14,0.031324077
2024-10-15,-0.015616418
2024-10-16,0.0038957498
2024-10-17,-0.005016747
2024-10-18,0.033123747
2024-10-21,0.017923499
2024-10-22,0.010861605
2024-10-23,0.0036327022
2024-10-24,-0.002853774
2024-10-25,0.022258703
2024-10-28,0.024585852
2024-10-29,-0.019486547
2024-10-30,0.0012835329
2024-10-31,0.015178698
2024-11-01,-0.030570298
2024-11-04,0.020602938
2024-11-05,0.029990828
2024-11-06,0.0070242505
2024-11-07,0.024268217
2024-11-08,0.0025436096
2024-11-11,0.023189412
2024-11-12,-0.009610245
2024-11-13,0.0016657275
2024-11-14,-0.028944217
2024-11-15,-0.019953242
2024-11-18,-0.02282626
2024-11-19,0.025257664
2024-11-20,0.021584984
2024-11-21,0.00323923
2024-11-22,-0.03545375
2024-11-25,0.013679052
2024-11-26,-0.008831624
2024-11-27,0.016560586
2024-11-28,0.0020221383
2024-11-29,0.015413681
2024-12-02,0.0215907
2024-12-03,0.0022164749
2024-12-04,-0.013837175
2024-12-05,0.013223592
2024-12-06,0.010596974
2024-12-09,-0.00089238293
2024-12-10,0.0075880866
2024-12-11,0.013924701
2024-12-12,0.01034566
2024-12-13,-0.017504143
2024-12-16,-0.0056563923
2024-12-17,-0.03472143
2024-12-18,0.0059646047
2024-12-19,0.00055082317
2024-12-20,0.011187514
2024-12-23,-0.040116977
2024-12-24,0.009528937
2024-12-25,-0.018998168
2024-12-26,0.01250315
2024-12-27,0.0071129836
2024-12-30,-0.009346247
2024-12-31,-0.024711397
2025-01-02,-0.018568862
2025-01-03,-0.036323953
2025-01-06,-0.0044572596
2025-01-07,0.021966351
2025-01-08,-0.000996809
2025-01-09,0.0030199569
2025-01-10,-0.026631098
2025-01-13,0.0021700733
2025-01-14,0.045783907
2025-01-15,-0.004101219
2025-01-16,0.0060551506
2025-01-17,0.0012954168
2025-01-20,0.0095784385
2025-01-21,-0.0009572512
2025-01-22,-0.010306251
2025-01-23,-0.0015562199
2025-01-24,0.0117098065
2025-01-27,-0.009940895
2025-02-05,0.010087104
2025-02-06,0.022219947
2025-02-07,0.013137557
2025-02-10,0.017416347
2025-02-11,-0.0031610767
2025-02-12,0.010214864
2025-02-13,-0.009551891
2025-02-14,0.0030614594
2025-02-17,0.012292053
2025-02-18,-0.022994904
2025-02-19,0.021527631
2025-02-20,0.009288582
2025-02-21,0.008818634
2025-02-24,0.0034602298
2025-02-25,-0.0037409794
2025-02-26,0.014249256
2025-02-27,-0.001152411
2025-02-28,-0.031082464
2025-03-03,0.004569517
2025-03-04,0.012652338
2025-03-05,0.0023796835
2025-03-06,0.017398674
2025-03-07,-0.004601414
2025-03-10,0.005613279
2025-03-11,0.004489482
2025-03-12,0.0045394627
2025-03-13,-0.010988088
2025-03-14,0.016952656
2025-03-17,0.0057301936
2025-03-18,0.0055277674
2025-03-19,-0.0046294047
2025-03-20,-0.0005811546
2025-03-21,-0.016119255
2025-03-24,-0.01577974
2025-03-25,-0.00370448
2025-03-26,0.009854604
2025-03-27,-0.0045754556
2025-03-28,-0.013211377
2025-03-31,-0.010612106
2025-04-01,0.0112116765
2025-04-02,0.0022683952
2025-04-03,-0.0064601307
2025-04-07,-0.1182327
2025-04-08,0.0043950207
2025-04-09,0.024503795
2025-04-10,0.027542891
2025-04-11,0.008700664
2025-04-14,0.018283939
2025-04-15,0.00036688714
2025-04-16,-0.0139568895
2025-04-17,0.0059406683
2025-04-18,-0.0018685528
2025-04-21,0.01761222
2025-04-22,0.0017328528
2025-04-23,0.0067841527
2025-04-24,-0.0074320384
2025-04-25,0.0022712708
2025-04-28,-0.012692849
2025-04-29,0.0085430285
2025-04-30,0.009026078
2025-05-06,0.027425656
2025-05-07,0.007328839
2025-05-08,0.010664568
2025-05-09,-0.010287602
2025-05-12,0.013323542
2025-05-13,-0.0014179592
2025-05-14,0.0014401679
2025-05-15,-0.008586893
2025-05-16,0.0051696193
2025-05-19,0.009048975
2025-05-20,0.009673542
2025-05-21,-0.003999625
2025-05-22,-0.011390715
2025-05-23,-0.00991761
2025-05-26,0.008982579
2025-05-27,0.0025848283
2025-05-28,-0.002663083
2025-05-29,0.016352583
2025-05-30,-0.012457455
2025-06-03,0.008187701
2025-06-04,0.010373063
2025-06-05,0.00347985
2025-06-06,0.001119569
2025-06-09,0.012652384
2025-06-10,-0.007415961
2025-06-11,0.0058360514
2025-06-12,0.0022314512
2025-06-13,-0.01687346
2025-06-16,0.008655992
2025-06-17,-0.001009436
2025-06-18,-0.00304165
2025-06-19,-0.016823625
2025-06-20,-0.0065578874
2025-06-23,0.015768606
2025-06-24,0.019633861
2025-06-25,0.009606544
2025-06-26,-0.0021357285
2025-06-27,0.0053532515
2025-06-30,0.013506934
2025-07-01,0.003843911
2025-07-02,-0.0044454727
2025-07-03,0.006003716
2025-07-04,-0.007991775
2025-07-07,0.006429297
2025-07-08,0.011841168
2025-07-09,-0.0011280058
2025-07-10,0.0023250242
2025-07-11,0.0038483462
2025-07-14,0.0053571793
2025-07-15,-0.0078160595
2025-07-16,0.005686142
2025-07-17,0.009186999
2025-07-18,0.002531907
2025-07-21,0.0128973555
2025-07-22,0.0031740335
2025-07-23,-0.006397498
2025-07-24,0.012287859
2025-07-25,0.0021206185
2025-07-28,0.0049791075
2025-07-29,0.0025556537
2025-07-30,-0.004782676
2025-07-31,-0.0104048895
2025-08-01,0.004963729
2025-08-04,0.01198973
2025-08-05,0.009063453
2025-08-06,0.007958407
2025-08-07,0.0004737703
2025-08-08,0.00019029286
2025-08-11,0.014573798
2025-08-12,0.00023921097
2025-08-13,0.0069554634
2025-08-14,-0.01719657
2025-08-15,0.017682206
2025-08-18,0.015342962
2025-08-19,0.005176499
2025-08-20,0.0077510453
2025-08-21,-0.00254725
2025-08-22,0.0069756694
2025-08-25,0.010655057
2025-08-26,0.0028888476
2025-08-27,-0.02356417
2025-08-28,0.0065703085
2025-08-29,-0.002280589
2025-09-01,0.009661911
2025-09-02,-0.01646624
2025-09-03,-0.018320011
2025-09-04,-0.00880731
2025-09-05,0.023644015
2025-09-08,0.013527474
2025-09-09,-0.009260818
2025-09-10,0.0021035708
2025-09-11,0.015423133
2025-09-12,-0.00022120793
2025-09-15,-0.00073877134
2025-09-16,0.010997296
2025-09-17,0.0036150373
2025-09-18,-0.013403884
2025-09-19,-0.0047505395
2025-09-22,0.0014238694
2025-09-23,-0.011915214
2025-09-24,0.015625434
2025-09-25,-0.005004673
2025-09-26,-0.008093376
2025-09-29,0.009233556
2025-09-30,0.004678597
2025-10-09,0.0076572825
2025-10-10,-0.0036182478
2025-10-13,-0.0031022793
2025-10-14,-0.0113253165
2025-10-15,0.014227539
2025-10-16,-0.009634173
2025-10-17,-0.022402786
2025-10-20,0.012675616
2025-10-21,0.016421016
2025-10-22,-0.0015156908
2025-10-23,0.002134676
2025-10-24,0.006730623
2025-10-27,0.007991429
2025-10-28,0.0004795483
2025-10-29,0.0029018882
2025-10-30,-0.010846341
2025-10-31,0.008585437
2025-11-03,0.007997738
2025-11-04,-0.006997851
2025-11-05,0.0069352714
2025-11-06,0.0049740714
2025-11-07,-0.0013684595
2025-11-10,0.006920223
2025-11-11,0.002309288
2025-11-12,-0.0046849474
2025-11-13,0.011033433
2025-11-14,-0.0036549466
2025-11-17,0.0024302925
2025-11-18,-0.01093027
2025-11-19,-0.011647324
2025-11-20,-0.007410319
2025-11-21,-0.03725416
2025-11-24,0.014873189
2025-11-25,0.013723769
2025-11-26,-0.003272444
2025-11-27,0.0031588075
2025-11-28,0.012075379
2025-12-01,0.006168186
2025-12-02,-0.005070945
2025-12-03,-0.007621951
2025-12-04,-0.0075894855
2025-12-05,0.013894983
2025-12-08,0.009137108
2025-12-09,-0.0065411716
2025-12-10,0.0007864681
2025-12-11,-0.01624324
2025-12-12,0.0027505988
2025-12-15,-0.0021221072
2025-12-16,-0.016471237
2025-12-17,0.007819409
2025-12-18,0.002522743
2025-12-19,0.0144745745
2025-12-22,0.0066057793
2025-12-23,-0.0051497896
2025-12-24,0.01231938
2025-12-25,0.009976775
2025-12-26,-0.00015824207
2025-12-29,-0.0014963632
2025-12-30,-0.002385554
2025-12-31,0.001384715
2026-01-05,0.016765106
2026-01-06,0.0126245
2026-01-07,0.0025872765
2026-01-08,0.01065387
2026-01-09,0.01369389
2026-01-12,0.021013094
2026-01-13,-0.011381916
2026-01-14,0.0064909053
2026-01-15,-0.0039604544
2026-01-16,-0.00028832062
2026-01-19,0.00985949
2026-01-20,-0.0044300645
2026-01-21,0.007745032
2026-01-22,0.008490302
2026-01-23,0.014672819
2026-01-26,-0.010911445
2026-01-27,-0.0012753294
2026-01-28,-0.005348247
2026-01-29,-0.0072770175
2026-01-30,-0.0024919715
2026-02-02,-0.02371752
2026-02-03,0.022588672
2026-02-04,0.0048663635
2026-02-05,-0.008105202
2026-02-06,0.0021208015
2026-02-09,0.017553588
2026-02-10,0.00044406872
2026-02-11,-0.0017176428
2026-02-12,-0.00042990033
2026-02-13,-0.006751657
2026-02-24,0.013015739
2026-02-25,0.010653353
2026-02-26,0.0033908773
2026-02-27,0.0074539525
2026-03-02,-0.016442688
2026-03-03,-0.033317637
2026-03-04,-0.005096902
2026-03-05,0.012276829
2026-03-06,0.016041528
2026-03-09,-0.0073246276
2026-03-10,0.018095957
2026-03-11,-0.0005466074
2026-03-12,-0.006963715
2026-03-13,-0.008720224
2026-03-16,0.0015879187
2026-03-17,-0.018519087
2026-03-18,0.010699709
2026-03-19,-0.02374177
2026-03-20,-0.022851985
2026-03-23,-0.05122563
2026-03-24,0.034447875
2026-03-25,0.019818809
2026-03-26,-0.014649337
2026-03-27,0.014619258
2026-03-30,0.003246017
2026-03-31,-0.014868096
2026-04-01,0.016788619
2026-04-02,-0.016079672
2026-04-03,-0.02082731
2026-04-07,0.013948638
2026-04-08,0.03876906
2026-04-09,-0.010713742
2026-04-10,0.008992646
2026-04-13,0.001988143
2026-04-14,0.009963972
2026-04-15,-0.0036272297
2026-04-16,0.014625102
2026-04-17,0.0012925096
2026-04-20,0.0073768166
2026-04-21,-0.0020529912
2026-04-22,0.005001139
2026-04-23,-0.011264428
2026-04-24,-0.0043140743
2026-04-27,0.008126931
2026-04-28,-0.00970678
2026-04-29,0.012685993
2026-04-30,0.00436507
2026-05-06,0.014999197
2026-05-07,0.01127251
2026-05-08,0.009381973
2026-05-11,0.0100891115
2026-05-12,-0.009248541
2026-05-13,0.00915676
2026-05-14,-0.017116766
2026-05-15,-0.005566353
2026-05-18,0.0008567437
2026-05-19,0.009592536
2026-05-20,-0.0058935555
2026-05-21,-0.028729342
2026-05-22,0.017357841
2026-05-25,0.00053980015
2026-05-26,-0.012739211
2026-05-27,-0.019036276
2026-05-28,0.0061899032
2026-05-29,-0.0218715
2026-06-01,0.010072512
2026-06-02,-0.008416509
2026-06-03,-0.0039640716
2026-06-04,-0.009667073
2026-06-05,0.0026179354
2026-06-08,-0.028618447
2026-06-09,0.012886548
2026-06-10,-0.01214546
2026-06-11,-0.009685878
2026-06-12,0.011574188
2026-06-15,0.020456972
2026-06-16,0.0071157645
2026-06-17,-0.004847348
2026-06-18,-0.0019285645
2026-06-22,0.0058639627
2026-06-23,-0.0017966148
2026-06-24,-0.010892724
2026-06-25,-0.012915102
2026-06-26,-0.025096402
2026-06-29,0.0010677325
2026-06-30,0.013042413
2026-07-01,0.020832622
2026-07-02,-0.0072515057
2026-07-03,0.010670729
2026-07-06,-0.011692362
2026-07-07,-0.026822908
2026-07-08,-0.014540392
2026-07-09,0.006194046
2026-07-10,0.008064712
2026-07-13,-0.040251717
2026-07-14,0.015075653
2026-07-15,0.0026148888
2026-07-16,-0.0066757277
2026-07-17,-0.047340367
2026-07-20,-0.023560928
2026-07-21,0.0143501805
2026-07-22,-0.009331243
2026-07-23,0.018337572
2026-07-24,-0.025718497
2026-07-27,0.03073459
2026-07-28,-0.008020592
2026-07-29,0.012427618
2026-07-30,-0.018830402
2026-07-31,0.025889684
2026-08-03,0.012646323
2026-08-04,0.018959595
2026-08-05,0.017441694
2026-08-06,0.005449083
2026-08-07,0.00910023
2026-08-10,0.014344944
2026-08-11,-0.0037807268
2026-08-12,0.012004948
2026-08-13,-0.010356049
2026-08-14,0.0018492595
2026-08-17,0.01810221
2026-08-18,-0.0019310566
2026-08-19,-0.041252963
2026-08-20,0.014086428
2026-08-21,-0.00033869763
2026-08-24,-0.011589687
2026-08-25,0.015107299
2026-08-26,0.00262109
2026-08-27,0.012032329
2026-08-28,0.002110101
