# regime-adapt train day sampling v1 | frozen 2026-08-09 | seed=42
# train=2004-01-02..2020-07-31 | labels=monthly_regime_3style.csv
# D downsample keep=1718/2771 (f_D=0.619993); target D/F/T=55/30/15; decay halflife=48m (M3 only)
date,weight
2004-01-07,0.14914981
2004-01-08,0.14922058
2004-01-13,0.14957498
2004-01-14,0.14964596
2004-01-15,0.14971697
2004-01-16,0.14978802
2004-01-29,0.15071471
2004-01-30,0.15078624
2004-02-02,0.151001
2004-02-05,0.15121607
2004-02-09,0.15150332
2004-02-10,0.15157521
2004-02-11,0.15164714
2004-02-13,0.1517911
2004-02-16,0.1520073
2004-02-18,0.1521516
2004-02-19,0.15222381
2004-02-20,0.15229604
2004-02-24,0.15258533
2004-02-25,0.15265774
2004-02-26,0.15273019
2004-03-01,0.1530203
2004-03-02,0.15309292
2004-03-04,0.15323825
2004-03-05,0.15331097
2004-03-11,0.15374801
2004-03-12,0.15382097
2004-03-15,0.15404006
2004-03-16,0.15411316
2004-03-17,0.15418629
2004-03-22,0.15455248
2004-03-23,0.15462582
2004-03-24,0.1546992
2004-03-25,0.15477261
2004-03-29,0.15506661
2004-03-30,0.15514019
2004-03-31,0.15521381
2004-04-06,0.15565627
2004-04-07,0.15573014
2004-04-08,0.15580404
2004-04-12,0.1561
2004-04-13,0.15617407
2004-04-19,0.15661927
2004-04-20,0.1566936
2004-04-21,0.15676795
2004-04-23,0.15691678
2004-04-27,0.15721485
2004-04-30,0.15743877
2004-05-10,0.15818749
2004-05-12,0.15833766
2004-05-14,0.15848797
2004-05-19,0.15886437
2004-05-20,0.15893976
2004-05-21,0.15901519
2004-05-24,0.15924167
2004-05-25,0.15931724
2004-05-27,0.15946848
2004-05-31,0.1597714
2004-06-01,0.15984722
2004-06-03,0.15999896
2004-06-04,0.16007489
2004-06-07,0.16030289
2004-06-09,0.16045507
2004-06-11,0.16060739
2004-06-15,0.16091247
2004-06-17,0.16106523
2004-06-18,0.16114166
2004-06-22,0.16144775
2004-06-23,0.16152437
2004-06-28,0.16190799
2004-06-29,0.16198482
2004-06-30,0.16206169
2004-07-01,0.16213859
2004-07-06,0.16252367
2004-07-07,0.16260079
2004-07-09,0.16275515
2004-07-13,0.16306431
2004-07-14,0.16314169
2004-07-16,0.16329657
2004-07-19,0.16352915
2004-07-20,0.16360676
2004-07-27,0.164151
2004-07-28,0.1642289
2004-07-29,0.16430683
2004-07-30,0.1643848
2004-08-02,0.16461894
2004-08-04,0.16477522
2004-08-10,0.16524493
2004-08-12,0.1654018
2004-08-13,0.16548029
2004-08-16,0.16571599
2004-08-17,0.16579463
2004-08-20,0.16603077
2004-08-25,0.16642509
2004-08-26,0.16650407
2004-08-27,0.16658308
2004-09-01,0.16697872
2004-09-02,0.16705795
2004-09-03,0.16713723
2004-09-06,0.16737529
2004-09-07,0.16745471
2004-09-08,0.16753418
2004-09-09,0.16761368
2004-09-10,0.16769322
2004-09-13,0.16793207
2004-09-14,0.16801176
2004-09-15,0.16809149
2004-09-16,0.16817126
2004-09-17,0.16825106
2004-09-21,0.16857066
2004-09-23,0.16873069
2004-09-28,0.16913142
2004-09-29,0.16921168
2004-09-30,0.16929198
2004-10-08,0.16993574
2004-10-11,0.17017779
2004-10-12,0.17025854
2004-10-15,0.17050104
2004-10-18,0.17074389
2004-10-19,0.17082492
2004-10-20,0.17090598
2004-10-25,0.17131188
2004-10-26,0.17139318
2004-10-27,0.17147451
2004-10-28,0.17155588
2004-10-29,0.17163729
2004-11-01,0.17188176
2004-11-02,0.17196332
2004-11-03,0.17204493
2004-11-04,0.17212657
2004-11-08,0.17245353
2004-11-10,0.17261725
2004-11-11,0.17269916
2004-11-15,0.17302721
2004-11-17,0.17319147
2004-11-19,0.17335588
2004-11-22,0.17360279
2004-11-24,0.1737676
2004-11-25,0.17385006
2004-11-30,0.17426295
2004-12-02,0.17442838
2004-12-03,0.17451115
2004-12-06,0.17475971
2004-12-07,0.17484264
2004-12-08,0.17492561
2004-12-09,0.17500862
2004-12-10,0.17509167
2004-12-14,0.17542427
2004-12-15,0.17550751
2004-12-16,0.1755908
2004-12-17,0.17567413
2004-12-20,0.17592434
2004-12-21,0.17600783
2004-12-27,0.17650956
2004-12-29,0.17667713
2005-01-05,0.17726485
2005-01-06,0.17734897
2005-01-07,0.17743313
2005-01-10,0.17768585
2005-01-11,0.17777017
2005-01-14,0.17802337
2005-01-17,0.17827694
2005-01-18,0.17836154
2005-01-19,0.17844618
2005-01-20,0.17853086
2005-01-21,0.17861558
2005-01-24,0.17886998
2005-01-25,0.17895487
2005-01-26,0.17903979
2005-01-31,0.179465
2005-02-01,0.17955017
2005-02-03,0.17972062
2005-02-04,0.1798059
2005-02-17,0.18091831
2005-02-18,0.18100416
2005-02-22,0.18134799
2005-02-28,0.18186495
2005-03-01,0.18195125
2005-03-03,0.18212398
2005-03-07,0.18246993
2005-03-08,0.18255652
2005-03-09,0.18264315
2005-03-10,0.18272982
2005-03-11,0.18281654
2005-03-14,0.18307693
2005-03-15,0.1831638
2005-03-16,0.18325072
2005-03-24,0.18394757
2005-03-25,0.18403486
2005-03-28,0.18429698
2005-03-29,0.18438444
2005-03-30,0.18447194
2005-04-01,0.18464706
2005-04-04,0.18491006
2005-04-06,0.1850856
2005-04-07,0.18517343
2005-04-08,0.1852613
2005-04-14,0.18578942
2005-04-15,0.18587758
2005-04-18,0.18614233
2005-04-22,0.18649591
2005-04-26,0.18685017
2005-04-27,0.18693884
2005-04-28,0.18702755
2005-04-29,0.1871163
2005-05-09,0.33818631
2005-05-10,0.33834679
2005-05-11,0.33850735
2005-05-12,0.33866799
2005-05-13,0.3388287
2005-05-16,0.3393113
2005-05-17,0.33947232
2005-05-18,0.33963342
2005-05-19,0.33979459
2005-05-20,0.33995584
2005-05-23,0.34044004
2005-05-24,0.3406016
2005-05-25,0.34076323
2005-05-26,0.34092493
2005-05-27,0.34108672
2005-05-30,0.34157253
2005-05-31,0.34173462
2005-06-01,0.34189679
2005-06-02,0.34205904
2005-06-03,0.34222136
2005-06-06,0.34270879
2005-06-07,0.34287142
2005-06-08,0.34303413
2005-06-09,0.34319692
2005-06-10,0.34335978
2005-06-13,0.34384883
2005-06-14,0.344012
2005-06-15,0.34417525
2005-06-16,0.34433858
2005-06-17,0.34450199
2005-06-20,0.34499266
2005-06-21,0.34515638
2005-06-22,0.34532017
2005-06-23,0.34548404
2005-06-24,0.34564799
2005-06-27,0.3461403
2005-06-28,0.34630456
2005-06-29,0.3464689
2005-06-30,0.34663331
2005-07-01,0.34679781
2005-07-04,0.34729176
2005-07-05,0.34745656
2005-07-06,0.34762145
2005-07-07,0.34778641
2005-07-08,0.34795145
2005-07-11,0.34844704
2005-07-12,0.34861239
2005-07-13,0.34877783
2005-07-14,0.34894334
2005-07-15,0.34910893
2005-07-18,0.34960617
2005-07-19,0.34977207
2005-07-20,0.34993806
2005-07-21,0.35010412
2005-07-22,0.35027026
2005-07-25,0.35076915
2005-07-26,0.35093561
2005-07-27,0.35110214
2005-07-28,0.35126876
2005-07-29,0.35143545
2005-08-03,0.19583569
2005-08-04,0.19592862
2005-08-05,0.1960216
2005-08-08,0.19630079
2005-08-09,0.19639395
2005-08-10,0.19648714
2005-08-15,0.1969538
2005-08-16,0.19704726
2005-08-17,0.19714077
2005-08-18,0.19723432
2005-08-19,0.19732792
2005-08-22,0.19760897
2005-08-23,0.19770275
2005-08-26,0.19798434
2005-08-29,0.19826633
2005-09-05,0.19892588
2005-09-06,0.19902028
2005-09-07,0.19911472
2005-09-08,0.19920921
2005-09-13,0.19968233
2005-09-15,0.19987189
2005-09-16,0.19996674
2005-09-20,0.20034658
2005-09-22,0.20053677
2005-09-23,0.20063194
2005-09-26,0.2009177
2005-09-27,0.20101304
2005-09-30,0.20129935
2005-10-12,0.20244866
2005-10-14,0.20264084
2005-10-19,0.20312211
2005-10-20,0.2032185
2005-10-21,0.20331494
2005-10-25,0.20370114
2005-11-02,0.20447575
2005-11-03,0.20457279
2005-11-04,0.20466987
2005-11-08,0.20505864
2005-11-09,0.20515595
2005-11-10,0.20525331
2005-11-14,0.2056432
2005-11-15,0.20574078
2005-11-17,0.2059361
2005-11-18,0.20603382
2005-11-21,0.20632728
2005-11-23,0.20652315
2005-11-24,0.20662115
2005-11-30,0.20721016
2005-12-01,0.20730849
2005-12-02,0.20740687
2005-12-05,0.20770228
2005-12-07,0.20789946
2005-12-08,0.20799811
2005-12-09,0.20809682
2005-12-12,0.20839321
2005-12-14,0.20859104
2005-12-16,0.20878906
2005-12-19,0.20908644
2005-12-21,0.20928493
2005-12-23,0.20948361
2005-12-26,0.20978198
2005-12-27,0.20988153
2005-12-29,0.21008078
2005-12-30,0.21018047
2006-01-04,0.21067965
2006-01-06,0.21087965
2006-01-09,0.21118001
2006-01-10,0.21128022
2006-01-11,0.21138048
2006-01-12,0.21148079
2006-01-17,0.21198306
2006-01-19,0.21218429
2006-01-23,0.21258735
2006-01-24,0.21268823
2006-01-25,0.21278916
2006-02-06,0.38495147
2006-02-07,0.38513414
2006-02-08,0.38531691
2006-02-09,0.38549976
2006-02-10,0.3856827
2006-02-13,0.38623203
2006-02-14,0.38641531
2006-02-15,0.38659869
2006-02-16,0.38678214
2006-02-17,0.38696569
2006-02-20,0.38751685
2006-02-21,0.38770074
2006-02-22,0.38788473
2006-02-23,0.3880688
2006-02-24,0.38825295
2006-02-27,0.38880595
2006-02-28,0.38899045
2006-03-01,0.38917505
2006-03-02,0.38935973
2006-03-03,0.3895445
2006-03-06,0.39009933
2006-03-07,0.39028445
2006-03-08,0.39046966
2006-03-09,0.39065495
2006-03-10,0.39084034
2006-03-13,0.39139702
2006-03-14,0.39158275
2006-03-15,0.39176858
2006-03-16,0.39195449
2006-03-17,0.39214049
2006-03-20,0.39269902
2006-03-21,0.39288537
2006-03-22,0.39307182
2006-03-23,0.39325835
2006-03-24,0.39344497
2006-03-27,0.39400536
2006-03-28,0.39419233
2006-03-29,0.39437939
2006-03-30,0.39456654
2006-03-31,0.39475378
2006-04-03,0.39531604
2006-04-04,0.39550363
2006-04-05,0.39569132
2006-04-06,0.39587909
2006-04-07,0.39606695
2006-04-10,0.39663108
2006-04-11,0.3968193
2006-04-12,0.3970076
2006-04-13,0.397196
2006-04-14,0.39738449
2006-04-17,0.39795049
2006-04-18,0.39813934
2006-04-19,0.39832827
2006-04-20,0.3985173
2006-04-21,0.39870641
2006-04-24,0.39927429
2006-04-25,0.39946377
2006-04-26,0.39965333
2006-04-27,0.39984299
2006-04-28,0.40003273
2006-05-08,0.33375314
2006-05-09,0.33391152
2006-05-10,0.33406998
2006-05-11,0.33422851
2006-05-12,0.33438712
2006-05-15,0.33486339
2006-05-16,0.3350223
2006-05-17,0.33518128
2006-05-18,0.33534034
2006-05-19,0.33549947
2006-05-22,0.33597733
2006-05-23,0.33613677
2006-05-24,0.33629628
2006-05-25,0.33645587
2006-05-26,0.33661553
2006-05-29,0.33709498
2006-05-30,0.33725494
2006-05-31,0.33741499
2006-06-01,0.33757511
2006-06-02,0.3377353
2006-06-05,0.33821634
2006-06-06,0.33837684
2006-06-07,0.33853742
2006-06-08,0.33869807
2006-06-09,0.3388588
2006-06-12,0.33934144
2006-06-13,0.33950247
2006-06-14,0.33966358
2006-06-15,0.33982477
2006-06-16,0.33998603
2006-06-19,0.34047028
2006-06-20,0.34063184
2006-06-21,0.34079349
2006-06-22,0.34095521
2006-06-23,0.34111701
2006-06-26,0.34160287
2006-06-27,0.34176497
2006-06-28,0.34192716
2006-06-29,0.34208942
2006-06-30,0.34225176
2006-07-03,0.34273923
2006-07-04,0.34290187
2006-07-05,0.3430646
2006-07-06,0.3432274
2006-07-07,0.34339027
2006-07-10,0.34387937
2006-07-11,0.34404256
2006-07-12,0.34420582
2006-07-13,0.34436916
2006-07-14,0.34453258
2006-07-17,0.3450233
2006-07-18,0.34518703
2006-07-19,0.34535084
2006-07-20,0.34551472
2006-07-21,0.34567869
2006-07-24,0.34617104
2006-07-25,0.34633532
2006-07-26,0.34649967
2006-07-27,0.3466641
2006-07-28,0.34682861
2006-07-31,0.3473226
2006-08-01,0.23264072
2006-08-03,0.23286157
2006-08-04,0.23297207
2006-08-07,0.2333039
2006-08-08,0.23341461
2006-08-09,0.23352538
2006-08-10,0.2336362
2006-08-11,0.23374707
2006-08-14,0.23408
2006-08-15,0.23419108
2006-08-17,0.2344134
2006-08-18,0.23452464
2006-08-23,0.23508163
2006-08-24,0.23519319
2006-08-25,0.2353048
2006-08-28,0.23563995
2006-08-29,0.23575177
2006-08-31,0.23597557
2006-09-05,0.23653601
2006-09-06,0.23664826
2006-09-11,0.23721029
2006-09-13,0.23743548
2006-09-20,0.23822532
2006-09-25,0.2387911
2006-09-28,0.23913122
2006-10-10,0.24049652
2006-10-11,0.24061065
2006-10-12,0.24072483
2006-10-13,0.24083906
2006-10-16,0.24118209
2006-10-17,0.24129655
2006-10-18,0.24141105
2006-10-19,0.24152561
2006-10-20,0.24164023
2006-10-24,0.24209923
2006-10-25,0.24221412
2006-10-31,0.24290459
2006-11-01,0.4371452
2006-11-02,0.43735265
2006-11-03,0.43756019
2006-11-06,0.43818342
2006-11-07,0.43839135
2006-11-08,0.43859939
2006-11-09,0.43880753
2006-11-10,0.43901576
2006-11-13,0.43964106
2006-11-14,0.43984969
2006-11-15,0.44005842
2006-11-16,0.44026724
2006-11-17,0.44047617
2006-11-20,0.44110355
2006-11-21,0.44131287
2006-11-22,0.44152229
2006-11-23,0.44173182
2006-11-24,0.44194144
2006-11-27,0.4425709
2006-11-28,0.44278092
2006-11-29,0.44299104
2006-11-30,0.44320126
2006-12-01,0.44341158
2006-12-04,0.44404314
2006-12-05,0.44425386
2006-12-06,0.44446468
2006-12-07,0.44467559
2006-12-08,0.44488661
2006-12-11,0.44552027
2006-12-12,0.44573169
2006-12-13,0.44594321
2006-12-14,0.44615483
2006-12-15,0.44636655
2006-12-18,0.44700232
2006-12-19,0.44721444
2006-12-20,0.44742667
2006-12-21,0.44763899
2006-12-22,0.44785142
2006-12-25,0.4484893
2006-12-26,0.44870213
2006-12-27,0.44891506
2006-12-28,0.44912809
2006-12-29,0.44934122
2007-01-04,0.37418116
2007-01-05,0.37435873
2007-01-08,0.37489193
2007-01-09,0.37506984
2007-01-10,0.37524782
2007-01-11,0.3754259
2007-01-12,0.37560405
2007-01-15,0.37613903
2007-01-16,0.37631753
2007-01-17,0.37649611
2007-01-18,0.37667477
2007-01-19,0.37685352
2007-01-22,0.37739028
2007-01-23,0.37756937
2007-01-24,0.37774854
2007-01-25,0.3779278
2007-01-26,0.37810714
2007-01-29,0.37864569
2007-01-30,0.37882537
2007-01-31,0.37900514
2007-02-01,0.379185
2007-02-02,0.37936494
2007-02-05,0.37990527
2007-02-06,0.38008555
2007-02-07,0.38026592
2007-02-08,0.38044638
2007-02-09,0.38062692
2007-02-12,0.38116905
2007-02-13,0.38134993
2007-02-14,0.3815309
2007-02-15,0.38171195
2007-02-16,0.38189309
2007-02-26,0.38370922
2007-02-27,0.38389131
2007-02-28,0.38407349
2007-03-01,0.38425575
2007-03-02,0.38443809
2007-03-05,0.38498565
2007-03-06,0.38516835
2007-03-07,0.38535113
2007-03-08,0.38553399
2007-03-09,0.38571695
2007-03-12,0.38626633
2007-03-13,0.38644963
2007-03-14,0.38663302
2007-03-15,0.38681649
2007-03-16,0.38700006
2007-03-19,0.38755127
2007-03-20,0.38773518
2007-03-21,0.38791918
2007-03-22,0.38810326
2007-03-23,0.38828743
2007-03-26,0.38884048
2007-03-27,0.389025
2007-03-28,0.38920961
2007-03-29,0.38939431
2007-03-30,0.38957909
2007-04-02,0.39013398
2007-04-03,0.39031911
2007-04-04,0.39050434
2007-04-05,0.39068965
2007-04-06,0.39087505
2007-04-09,0.39143178
2007-04-10,0.39161753
2007-04-11,0.39180337
2007-04-12,0.3919893
2007-04-13,0.39217532
2007-04-16,0.3927339
2007-04-17,0.39292027
2007-04-18,0.39310673
2007-04-19,0.39329327
2007-04-20,0.39347991
2007-04-23,0.39404035
2007-04-24,0.39422734
2007-04-25,0.39441442
2007-04-26,0.39460158
2007-04-27,0.39478884
2007-04-30,0.39535114
2007-05-08,0.39685454
2007-05-09,0.39704286
2007-05-10,0.39723128
2007-05-11,0.39741978
2007-05-14,0.39798583
2007-05-15,0.3981747
2007-05-16,0.39836365
2007-05-17,0.39855269
2007-05-18,0.39874182
2007-05-21,0.39930975
2007-05-22,0.39949925
2007-05-23,0.39968883
2007-05-24,0.3998785
2007-05-25,0.40006826
2007-05-28,0.40063808
2007-05-29,0.4008282
2007-05-30,0.40101841
2007-05-31,0.40120871
2007-06-01,0.40139911
2007-06-04,0.40197082
2007-06-05,0.40216158
2007-06-06,0.40235242
2007-06-07,0.40254336
2007-06-08,0.40273438
2007-06-11,0.403308
2007-06-12,0.40349939
2007-06-13,0.40369087
2007-06-14,0.40388244
2007-06-15,0.4040741
2007-06-18,0.40464963
2007-06-19,0.40484165
2007-06-20,0.40503377
2007-06-21,0.40522598
2007-06-22,0.40541827
2007-06-25,0.40599572
2007-06-26,0.40618838
2007-06-27,0.40638114
2007-06-28,0.40657398
2007-06-29,0.40676692
2007-07-02,0.40734628
2007-07-03,0.40753959
2007-07-04,0.40773299
2007-07-05,0.40792647
2007-07-06,0.40812005
2007-07-09,0.40870134
2007-07-10,0.40889529
2007-07-11,0.40908933
2007-07-12,0.40928346
2007-07-13,0.40947769
2007-07-16,0.41006091
2007-07-17,0.4102555
2007-07-18,0.41045019
2007-07-19,0.41064497
2007-07-20,0.41083984
2007-07-23,0.411425
2007-07-24,0.41162024
2007-07-25,0.41181557
2007-07-26,0.412011
2007-07-27,0.41220652
2007-07-30,0.41279363
2007-07-31,0.41298952
2007-08-01,0.4131855
2007-08-02,0.41338158
2007-08-03,0.41357775
2007-08-06,0.41416681
2007-08-07,0.41436335
2007-08-08,0.41455999
2007-08-09,0.41475671
2007-08-10,0.41495353
2007-08-13,0.41554456
2007-08-14,0.41574175
2007-08-15,0.41593904
2007-08-16,0.41613642
2007-08-17,0.4163339
2007-08-20,0.41692689
2007-08-21,0.41712474
2007-08-22,0.41732269
2007-08-23,0.41752072
2007-08-24,0.41771886
2007-08-27,0.41831382
2007-08-28,0.41851233
2007-08-29,0.41871093
2007-08-30,0.41890963
2007-08-31,0.41910842
2007-09-03,0.2809902
2007-09-04,0.28112354
2007-09-05,0.28125694
2007-09-11,0.28205871
2007-09-12,0.28219256
2007-09-14,0.28246045
2007-09-17,0.28286276
2007-09-18,0.28299699
2007-09-19,0.28313129
2007-09-21,0.28340007
2007-09-28,0.28434282
2007-10-09,0.28583061
2007-10-10,0.28596625
2007-10-12,0.28623773
2007-10-15,0.28664542
2007-10-16,0.28678145
2007-10-18,0.28705369
2007-10-23,0.28773544
2007-10-25,0.28800859
2007-10-26,0.28814527
2007-10-29,0.28855567
2007-11-01,0.43161955
2007-11-02,0.43182437
2007-11-05,0.43243942
2007-11-06,0.43264463
2007-11-07,0.43284994
2007-11-08,0.43305535
2007-11-09,0.43326086
2007-11-12,0.43387796
2007-11-13,0.43408385
2007-11-14,0.43428984
2007-11-15,0.43449593
2007-11-16,0.43470212
2007-11-19,0.43532127
2007-11-20,0.43552785
2007-11-21,0.43573453
2007-11-22,0.43594131
2007-11-23,0.43614818
2007-11-26,0.43676939
2007-11-27,0.43697666
2007-11-28,0.43718403
2007-11-29,0.43739149
2007-11-30,0.43759905
2007-12-03,0.43822233
2007-12-04,0.43843029
2007-12-05,0.43863834
2007-12-06,0.4388465
2007-12-07,0.43905475
2007-12-10,0.4396801
2007-12-11,0.43988875
2007-12-12,0.4400975
2007-12-13,0.44030634
2007-12-14,0.44051529
2007-12-17,0.44114272
2007-12-18,0.44135206
2007-12-19,0.44156151
2007-12-20,0.44177105
2007-12-21,0.44198069
2007-12-24,0.44261021
2007-12-25,0.44282025
2007-12-26,0.44303038
2007-12-27,0.44324062
2007-12-28,0.44345096
2008-01-02,0.44450415
2008-01-03,0.44471509
2008-01-04,0.44492612
2008-01-07,0.44555984
2008-01-08,0.44577128
2008-01-09,0.44598282
2008-01-10,0.44619446
2008-01-11,0.4464062
2008-01-14,0.44704202
2008-01-15,0.44725416
2008-01-16,0.4474664
2008-01-17,0.44767875
2008-01-18,0.44789119
2008-01-21,0.44852913
2008-01-22,0.44874198
2008-01-23,0.44895492
2008-01-24,0.44916797
2008-01-25,0.44938112
2008-01-28,0.45002118
2008-01-29,0.45023474
2008-01-30,0.4504484
2008-01-31,0.45066216
2008-02-01,0.45087602
2008-02-04,0.4515182
2008-02-05,0.45173247
2008-02-13,0.45345026
2008-02-14,0.45366545
2008-02-15,0.45388073
2008-02-18,0.4545272
2008-02-19,0.45474289
2008-02-20,0.45495869
2008-02-21,0.45517459
2008-02-22,0.45539059
2008-02-25,0.45603921
2008-02-26,0.45625562
2008-02-27,0.45647214
2008-02-28,0.45668875
2008-02-29,0.45690547
2008-03-03,0.45755625
2008-03-04,0.45777338
2008-03-05,0.45799062
2008-03-06,0.45820795
2008-03-07,0.45842539
2008-03-10,0.45907833
2008-03-11,0.45929619
2008-03-12,0.45951415
2008-03-13,0.45973221
2008-03-14,0.45995037
2008-03-17,0.46060548
2008-03-18,0.46082406
2008-03-19,0.46104274
2008-03-20,0.46126153
2008-03-21,0.46148042
2008-03-24,0.46213771
2008-03-25,0.46235702
2008-03-26,0.46257643
2008-03-27,0.46279594
2008-03-28,0.46301556
2008-03-31,0.46367504
2008-04-01,0.46389507
2008-04-02,0.46411521
2008-04-03,0.46433546
2008-04-07,0.46521748
2008-04-08,0.46543825
2008-04-09,0.46565912
2008-04-10,0.4658801
2008-04-11,0.46610118
2008-04-14,0.46676505
2008-04-15,0.46698655
2008-04-16,0.46720816
2008-04-17,0.46742987
2008-04-18,0.46765169
2008-04-21,0.46831777
2008-04-22,0.46854001
2008-04-23,0.46876235
2008-04-24,0.4689848
2008-04-25,0.46920736
2008-04-28,0.46987565
2008-04-29,0.47009863
2008-04-30,0.47032172
2008-05-05,0.47143872
2008-05-06,0.47166244
2008-05-07,0.47188627
2008-05-08,0.4721102
2008-05-09,0.47233424
2008-05-12,0.47300699
2008-05-13,0.47323145
2008-05-14,0.47345602
2008-05-15,0.4736807
2008-05-16,0.47390548
2008-05-19,0.47458047
2008-05-20,0.47480568
2008-05-21,0.475031
2008-05-22,0.47525642
2008-05-23,0.47548195
2008-05-26,0.47615919
2008-05-27,0.47638515
2008-05-28,0.47661122
2008-05-29,0.47683739
2008-05-30,0.47706367
2008-06-02,0.47774316
2008-06-03,0.47796987
2008-06-04,0.47819669
2008-06-05,0.47842362
2008-06-06,0.47865065
2008-06-10,0.47955986
2008-06-11,0.47978744
2008-06-12,0.48001512
2008-06-13,0.48024291
2008-06-16,0.48092692
2008-06-17,0.48115515
2008-06-18,0.48138348
2008-06-19,0.48161191
2008-06-20,0.48184046
2008-06-23,0.48252675
2008-06-24,0.48275573
2008-06-25,0.48298482
2008-06-26,0.48321402
2008-06-27,0.48344333
2008-06-30,0.4841319
2008-07-01,0.48436165
2008-07-02,0.4845915
2008-07-03,0.48482146
2008-07-04,0.48505153
2008-07-07,0.4857424
2008-07-08,0.4859729
2008-07-09,0.48620352
2008-07-10,0.48643424
2008-07-11,0.48666508
2008-07-14,0.48735824
2008-07-15,0.48758952
2008-07-16,0.4878209
2008-07-17,0.48805239
2008-07-18,0.488284
2008-07-21,0.48897947
2008-07-22,0.48921151
2008-07-23,0.48944366
2008-07-24,0.48967593
2008-07-25,0.4899083
2008-07-28,0.49060608
2008-07-29,0.4908389
2008-07-30,0.49107183
2008-07-31,0.49130486
2008-08-01,0.32908172
2008-08-07,0.33001981
2008-08-11,0.3306467
2008-08-12,0.33080361
2008-08-14,0.33111764
2008-08-15,0.33127477
2008-08-18,0.33174661
2008-08-19,0.33190404
2008-08-21,0.33221912
2008-08-22,0.33237678
2008-08-25,0.33285019
2008-08-26,0.33300814
2008-08-29,0.33348245
2008-09-01,0.4988207
2008-09-02,0.49905741
2008-09-03,0.49929423
2008-09-04,0.49953117
2008-09-05,0.49976822
2008-09-08,0.50048005
2008-09-09,0.50071755
2008-09-10,0.50095516
2008-09-11,0.50119289
2008-09-12,0.50143073
2008-09-16,0.50238321
2008-09-17,0.50262162
2008-09-18,0.50286014
2008-09-19,0.50309877
2008-09-22,0.50381534
2008-09-23,0.50405442
2008-09-24,0.50429362
2008-09-25,0.50453293
2008-09-26,0.50477235
2008-10-06,0.50717285
2008-10-07,0.50741353
2008-10-08,0.50765432
2008-10-09,0.50789522
2008-10-10,0.50813624
2008-10-13,0.50885999
2008-10-14,0.50910146
2008-10-15,0.50934306
2008-10-16,0.50958476
2008-10-17,0.50982659
2008-10-20,0.51055274
2008-10-21,0.51079502
2008-10-22,0.51103741
2008-10-23,0.51127993
2008-10-24,0.51152255
2008-10-27,0.51225112
2008-10-28,0.51249421
2008-10-29,0.51273741
2008-10-30,0.51298073
2008-10-31,0.51322416
2008-11-03,0.51395515
2008-11-04,0.51419905
2008-11-05,0.51444306
2008-11-06,0.51468718
2008-11-07,0.51493143
2008-11-10,0.51566485
2008-11-11,0.51590956
2008-11-12,0.51615438
2008-11-13,0.51639932
2008-11-14,0.51664437
2008-11-17,0.51738024
2008-11-18,0.51762576
2008-11-19,0.5178714
2008-11-20,0.51811715
2008-11-21,0.51836302
2008-11-24,0.51910133
2008-11-25,0.51934767
2008-11-26,0.51959412
2008-11-27,0.51984069
2008-11-28,0.52008738
2008-12-01,0.52082815
2008-12-02,0.52107531
2008-12-03,0.52132258
2008-12-04,0.52156997
2008-12-05,0.52181748
2008-12-08,0.52256071
2008-12-09,0.52280869
2008-12-10,0.52305679
2008-12-11,0.523305
2008-12-12,0.52355334
2008-12-15,0.52429904
2008-12-16,0.52454784
2008-12-17,0.52479677
2008-12-18,0.52504581
2008-12-19,0.52529496
2008-12-22,0.52604315
2008-12-23,0.52629278
2008-12-24,0.52654253
2008-12-25,0.5267924
2008-12-26,0.52704239
2008-12-29,0.52779306
2008-12-30,0.52804352
2008-12-31,0.5282941
2009-01-05,0.52954879
2009-01-06,0.52980009
2009-01-07,0.5300515
2009-01-08,0.53030304
2009-01-09,0.53055469
2009-01-12,0.53131037
2009-01-13,0.5315625
2009-01-14,0.53181475
2009-01-15,0.53206712
2009-01-16,0.53231961
2009-01-19,0.5330778
2009-01-20,0.53333077
2009-01-21,0.53358386
2009-01-22,0.53383707
2009-01-23,0.5340904
2009-02-02,0.53663032
2009-02-03,0.53688498
2009-02-04,0.53713975
2009-02-05,0.53739465
2009-02-06,0.53764967
2009-02-09,0.53841545
2009-02-10,0.53867096
2009-02-11,0.53892658
2009-02-12,0.53918232
2009-02-13,0.53943819
2009-02-16,0.54020652
2009-02-17,0.54046287
2009-02-18,0.54071935
2009-02-19,0.54097594
2009-02-20,0.54123266
2009-02-23,0.54200355
2009-02-24,0.54226075
2009-02-25,0.54251808
2009-02-26,0.54277553
2009-02-27,0.5430331
2009-03-02,0.54380655
2009-03-03,0.54406461
2009-03-04,0.5443228
2009-03-05,0.5445811
2009-03-06,0.54483953
2009-03-09,0.54561555
2009-03-10,0.54587447
2009-03-11,0.54613352
2009-03-12,0.54639268
2009-03-13,0.54665197
2009-03-16,0.54743057
2009-03-17,0.54769035
2009-03-18,0.54795026
2009-03-19,0.54821029
2009-03-20,0.54847044
2009-03-23,0.54925163
2009-03-24,0.54951228
2009-03-25,0.54977304
2009-03-26,0.55003394
2009-03-27,0.55029495
2009-03-30,0.55107875
2009-03-31,0.55134026
2009-04-01,0.55160189
2009-04-02,0.55186366
2009-04-03,0.55212554
2009-04-07,0.55317432
2009-04-08,0.55343683
2009-04-09,0.55369946
2009-04-10,0.55396222
2009-04-13,0.55475123
2009-04-14,0.55501449
2009-04-15,0.55527787
2009-04-16,0.55554137
2009-04-17,0.555805
2009-04-20,0.55659664
2009-04-21,0.55686077
2009-04-22,0.55712503
2009-04-23,0.55738941
2009-04-24,0.55765392
2009-04-27,0.55844819
2009-04-28,0.5587132
2009-04-29,0.55897834
2009-04-30,0.5592436
2009-05-04,0.3751214
2009-05-06,0.37547751
2009-05-07,0.37565569
2009-05-11,0.37636926
2009-05-12,0.37654787
2009-05-13,0.37672656
2009-05-14,0.37690533
2009-05-15,0.37708419
2009-05-20,0.37797976
2009-05-22,0.37833858
2009-05-27,0.37923713
2009-06-02,0.3803182
2009-06-03,0.38049868
2009-06-05,0.3808599
2009-06-08,0.38140236
2009-06-09,0.38158335
2009-06-10,0.38176443
2009-06-16,0.38285271
2009-06-18,0.38321616
2009-06-19,0.38339801
2009-06-22,0.38394409
2009-06-24,0.38430858
2009-06-25,0.38449095
2009-06-29,0.3852213
2009-06-30,0.38540411
2009-07-02,0.38576998
2009-07-06,0.38650276
2009-07-08,0.38686968
2009-07-10,0.38723694
2009-07-14,0.38797251
2009-07-16,0.38834082
2009-07-17,0.3885251
2009-07-20,0.38907848
2009-07-21,0.38926312
2009-07-22,0.38944784
2009-07-23,0.38963265
2009-07-28,0.39055802
2009-07-29,0.39074336
2009-08-03,0.58502602
2009-08-04,0.58530364
2009-08-05,0.58558139
2009-08-06,0.58585928
2009-08-07,0.5861373
2009-08-10,0.58697214
2009-08-11,0.58725068
2009-08-12,0.58752936
2009-08-13,0.58780817
2009-08-14,0.58808711
2009-08-17,0.58892473
2009-08-18,0.58920421
2009-08-19,0.58948381
2009-08-20,0.58976355
2009-08-21,0.59004342
2009-08-24,0.59088382
2009-08-25,0.59116423
2009-08-26,0.59144476
2009-08-27,0.59172543
2009-08-28,0.59200623
2009-08-31,0.59284943
2009-09-01,0.59313077
2009-09-02,0.59341223
2009-09-03,0.59369383
2009-09-04,0.59397557
2009-09-07,0.59482158
2009-09-08,0.59510385
2009-09-09,0.59538625
2009-09-10,0.59566879
2009-09-11,0.59595146
2009-09-14,0.59680028
2009-09-15,0.59708349
2009-09-16,0.59736684
2009-09-17,0.59765031
2009-09-18,0.59793393
2009-09-21,0.59878557
2009-09-22,0.59906972
2009-09-23,0.59935401
2009-09-24,0.59963843
2009-09-25,0.59992299
2009-09-28,0.60077746
2009-09-29,0.60106256
2009-09-30,0.60134779
2009-10-09,0.60392098
2009-10-12,0.60478115
2009-10-13,0.60506815
2009-10-14,0.60535528
2009-10-15,0.60564255
2009-10-16,0.60592995
2009-10-19,0.60679299
2009-10-20,0.60708094
2009-10-21,0.60736903
2009-10-22,0.60765725
2009-10-23,0.60794561
2009-10-26,0.60881152
2009-10-27,0.60910043
2009-10-28,0.60938947
2009-10-29,0.60967866
2009-10-30,0.60996798
2009-11-02,0.61083676
2009-11-03,0.61112663
2009-11-04,0.61141664
2009-11-05,0.61170679
2009-11-06,0.61199707
2009-11-09,0.61286874
2009-11-10,0.61315958
2009-11-11,0.61345055
2009-11-12,0.61374166
2009-11-13,0.61403291
2009-11-16,0.61490749
2009-11-17,0.61519929
2009-11-18,0.61549123
2009-11-19,0.61578331
2009-11-20,0.61607552
2009-11-23,0.61695301
2009-11-24,0.61724578
2009-11-25,0.61753869
2009-11-26,0.61783174
2009-11-27,0.61812493
2009-11-30,0.61900534
2009-12-01,0.41461698
2009-12-03,0.41501058
2009-12-04,0.41520753
2009-12-07,0.41579891
2009-12-10,0.41639114
2009-12-11,0.41658874
2009-12-14,0.41718209
2009-12-15,0.41738006
2009-12-16,0.41757813
2009-12-21,0.41856987
2009-12-22,0.4187685
2009-12-23,0.41896722
2009-12-24,0.41916604
2009-12-29,0.42016155
2009-12-30,0.42036094
2010-01-04,0.42135929
2010-01-06,0.42175929
2010-01-07,0.42195944
2010-01-11,0.42276097
2010-01-14,0.42336311
2010-01-15,0.42356401
2010-01-18,0.4241673
2010-01-19,0.42436859
2010-01-20,0.42456997
2010-01-22,0.42497302
2010-01-25,0.42557832
2010-01-26,0.42578027
2010-01-27,0.42598233
2010-01-28,0.42618448
2010-01-29,0.42638672
2010-02-03,0.42739938
2010-02-09,0.42861775
2010-02-10,0.42882115
2010-02-12,0.42922823
2010-02-24,0.43167889
2010-03-01,0.43270412
2010-03-05,0.43352605
2010-03-09,0.43434955
2010-03-11,0.43476189
2010-03-12,0.4349682
2010-03-15,0.43558773
2010-03-17,0.43600124
2010-03-18,0.43620815
2010-03-22,0.43703674
2010-03-24,0.43745163
2010-03-25,0.43765922
2010-03-26,0.43786691
2010-03-29,0.43849057
2010-04-01,0.43911511
2010-04-06,0.440158
2010-04-07,0.44036688
2010-04-13,0.44162221
2010-04-14,0.44183178
2010-04-19,0.44288113
2010-04-20,0.44309129
2010-04-22,0.44351193
2010-04-29,0.44498729
2010-04-30,0.44519846
2010-05-05,0.4462558
2010-05-06,0.44646757
2010-05-07,0.44667944
2010-05-10,0.44731565
2010-05-11,0.44752792
2010-05-13,0.44795277
2010-05-14,0.44816534
2010-05-17,0.44880367
2010-05-18,0.44901665
2010-05-19,0.44922973
2010-05-21,0.44965619
2010-05-25,0.45051033
2010-05-26,0.45072411
2010-05-31,0.45179458
2010-06-02,0.45222347
2010-06-03,0.45243807
2010-06-07,0.4532975
2010-06-08,0.45351261
2010-06-10,0.45394313
2010-06-11,0.45415855
2010-06-17,0.4554532
2010-06-18,0.45566933
2010-06-22,0.45653489
2010-06-24,0.45696829
2010-06-25,0.45718514
2010-06-29,0.45805358
2010-07-02,0.45870599
2010-07-05,0.45935933
2010-07-06,0.45957732
2010-07-07,0.45979541
2010-07-08,0.46001361
2010-07-09,0.4602319
2010-07-14,0.46132495
2010-07-15,0.46154387
2010-07-22,0.46307922
2010-07-23,0.46329897
2010-07-26,0.46395885
2010-07-28,0.4643993
2010-07-29,0.46461968
2010-07-30,0.46484016
2010-08-09,0.46705076
2010-08-10,0.46727239
2010-08-11,0.46749414
2010-08-12,0.46771598
2010-08-13,0.46793794
2010-08-16,0.46860443
2010-08-19,0.46927187
2010-08-24,0.47038638
2010-08-26,0.47083292
2010-08-27,0.47105636
2010-08-30,0.47172729
2010-09-01,0.47217511
2010-09-03,0.47262335
2010-09-06,0.47329651
2010-09-08,0.47374582
2010-09-09,0.47397064
2010-09-10,0.47419556
2010-09-13,0.47487096
2010-09-15,0.47532176
2010-09-16,0.47554733
2010-09-17,0.47577299
2010-09-21,0.47667674
2010-09-27,0.47803558
2010-09-29,0.47848939
2010-10-08,0.86439185
2010-10-11,0.86562301
2010-10-12,0.86603379
2010-10-13,0.86644476
2010-10-14,0.86685593
2010-10-15,0.86726729
2010-10-18,0.86850255
2010-10-19,0.8689147
2010-10-20,0.86932704
2010-10-21,0.86973957
2010-10-22,0.87015231
2010-10-25,0.87139168
2010-10-26,0.87180519
2010-10-27,0.8722189
2010-10-28,0.87263281
2010-10-29,0.87304691
2010-11-01,0.48603972
2010-11-02,0.48627036
2010-11-03,0.48650112
2010-11-05,0.48696297
2010-11-08,0.48765655
2010-11-12,0.48858287
2010-11-15,0.48927877
2010-11-17,0.48974325
2010-11-19,0.49020817
2010-11-23,0.49113934
2010-11-24,0.49137241
2010-11-26,0.49183888
2010-11-29,0.49253941
2010-11-30,0.49277314
2010-12-01,0.49300699
2010-12-06,0.49417787
2010-12-07,0.49441238
2010-12-08,0.494647
2010-12-10,0.49511658
2010-12-13,0.49582178
2010-12-15,0.49629247
2010-12-16,0.49652798
2010-12-21,0.49770723
2010-12-22,0.49794341
2010-12-24,0.49841612
2010-12-27,0.49912602
2010-12-28,0.49936288
2010-12-29,0.49959985
2010-12-30,0.49983693
2010-12-31,0.50007413
2011-01-07,0.50173765
2011-01-10,0.50245228
2011-01-11,0.50269072
2011-01-12,0.50292927
2011-01-13,0.50316793
2011-01-14,0.50340671
2011-01-17,0.50412372
2011-01-18,0.50436295
2011-01-19,0.50460229
2011-01-20,0.50484175
2011-01-21,0.50508132
2011-01-24,0.50580071
2011-01-25,0.50604074
2011-01-26,0.50628088
2011-01-27,0.50652113
2011-01-31,0.50748329
2011-02-09,0.50965482
2011-02-11,0.51013865
2011-02-15,0.51110767
2011-02-17,0.51159288
2011-02-21,0.51256467
2011-02-22,0.5128079
2011-02-24,0.51329472
2011-02-25,0.5135383
2011-03-01,0.51451379
2011-03-02,0.51475795
2011-03-03,0.51500222
2011-03-07,0.51598049
2011-03-08,0.51622534
2011-03-11,0.51696061
2011-03-14,0.51769692
2011-03-16,0.51818838
2011-03-18,0.51868031
2011-03-21,0.51941907
2011-03-28,0.52114695
2011-03-31,0.52188922
2011-04-06,0.52337695
2011-04-07,0.52362532
2011-04-08,0.5238738
2011-04-11,0.52461996
2011-04-18,0.52636514
2011-04-19,0.52661492
2011-04-20,0.52686483
2011-04-21,0.52711485
2011-04-22,0.52736499
2011-04-25,0.52811612
2011-04-26,0.52836674
2011-04-27,0.52861747
2011-04-28,0.52886832
2011-04-29,0.5291193
2011-05-03,0.53012438
2011-05-04,0.53037594
2011-05-10,0.53188786
2011-05-11,0.53214027
2011-05-12,0.53239279
2011-05-17,0.53365722
2011-05-18,0.53391046
2011-05-19,0.53416383
2011-05-23,0.53517849
2011-05-25,0.53568655
2011-05-30,0.53695879
2011-06-03,0.53797876
2011-06-09,0.53951236
2011-06-15,0.54105032
2011-06-16,0.54130707
2011-06-20,0.54233531
2011-06-21,0.54259267
2011-06-24,0.54336549
2011-06-28,0.54439763
2011-07-01,0.54517303
2011-07-04,0.54594952
2011-07-06,0.5464678
2011-07-07,0.54672713
2011-07-08,0.54698657
2011-07-11,0.54776565
2011-07-13,0.54828566
2011-07-15,0.54880615
2011-07-18,0.54958783
2011-07-19,0.54984863
2011-07-22,0.55063179
2011-07-25,0.55141606
2011-07-28,0.55220145
2011-08-01,0.55325037
2011-08-02,0.55351292
2011-08-04,0.55403838
2011-08-09,0.55535421
2011-08-10,0.55561775
2011-08-15,0.55693733
2011-08-16,0.55720162
2011-08-18,0.55773059
2011-08-19,0.55799525
2011-08-23,0.55905519
2011-08-24,0.55932048
2011-08-25,0.55958591
2011-08-29,0.56064886
2011-08-31,0.56118109
2011-09-02,0.56171383
2011-09-06,0.56278083
2011-09-08,0.56331508
2011-09-09,0.5635824
2011-09-14,0.5649209
2011-09-15,0.56518898
2011-09-22,0.56706912
2011-09-26,0.56814628
2011-09-27,0.56841589
2011-09-29,0.5689555
2011-09-30,0.5692255
2011-10-10,0.57193251
2011-10-12,0.57247545
2011-10-13,0.57274712
2011-10-14,0.57301892
2011-10-17,0.57383507
2011-10-18,0.57410739
2011-10-19,0.57437983
2011-10-21,0.57492509
2011-10-24,0.57574397
2011-10-25,0.57601718
2011-10-26,0.57629053
2011-10-28,0.57683761
2011-10-31,0.57765921
2011-11-01,0.57793334
2011-11-02,0.57820759
2011-11-04,0.5787565
2011-11-07,0.57958083
2011-11-08,0.57985586
2011-11-09,0.58013103
2011-11-10,0.58040633
2011-11-11,0.58068176
2011-11-14,0.58150883
2011-11-15,0.58178479
2011-11-16,0.58206087
2011-11-17,0.58233708
2011-11-24,0.58427426
2011-11-25,0.58455153
2011-12-01,0.58621788
2011-12-05,0.58733142
2011-12-06,0.58761014
2011-12-07,0.58788899
2011-12-08,0.58816797
2011-12-14,0.58984463
2011-12-16,0.59040458
2011-12-21,0.59180678
2011-12-26,0.59321231
2011-12-27,0.59349382
2011-12-28,0.59377546
2011-12-29,0.59405723
2011-12-30,0.59433914
2012-01-04,0.88985225
2012-01-05,0.89027452
2012-01-06,0.890697
2012-01-09,0.89196563
2012-01-10,0.89238891
2012-01-11,0.89281239
2012-01-12,0.89323607
2012-01-13,0.89365995
2012-01-16,0.8949328
2012-01-17,0.89535749
2012-01-18,0.89578238
2012-01-19,0.89620747
2012-01-20,0.89663276
2012-01-30,0.90089679
2012-01-31,0.90132431
2012-02-01,0.90175203
2012-02-02,0.90217995
2012-02-03,0.90260808
2012-02-06,0.90389368
2012-02-07,0.90432262
2012-02-08,0.90475176
2012-02-09,0.9051811
2012-02-10,0.90561065
2012-02-13,0.90690053
2012-02-14,0.90733089
2012-02-15,0.90776146
2012-02-16,0.90819224
2012-02-17,0.90862322
2012-02-20,0.90991738
2012-02-21,0.91034918
2012-02-22,0.91078118
2012-02-23,0.91121339
2012-02-24,0.9116458
2012-02-27,0.91294427
2012-02-28,0.91337751
2012-02-29,0.91381094
2012-03-02,0.61237167
2012-03-05,0.61324388
2012-03-08,0.61411733
2012-03-09,0.61440876
2012-03-12,0.61528387
2012-03-13,0.61557585
2012-03-16,0.61645262
2012-03-20,0.6176236
2012-03-21,0.61791669
2012-03-23,0.61850328
2012-03-26,0.61938423
2012-03-27,0.61967815
2012-03-28,0.61997222
2012-04-05,0.62232977
2012-04-06,0.6226251
2012-04-10,0.6238078
2012-04-12,0.62439999
2012-04-13,0.6246963
2012-04-16,0.62558606
2012-04-17,0.62588293
2012-04-19,0.62647709
2012-04-20,0.62677438
2012-04-23,0.6276671
2012-04-25,0.62826296
2012-05-03,0.63065204
2012-05-04,0.63095132
2012-05-10,0.63274994
2012-05-14,0.63395187
2012-05-15,0.63425271
2012-05-17,0.63485482
2012-05-18,0.63515609
2012-05-21,0.63606075
2012-05-22,0.63636259
2012-05-24,0.6369667
2012-05-25,0.63726897
2012-05-28,0.63817664
2012-05-30,0.63878247
2012-05-31,0.6390856
2012-06-01,0.63938888
2012-06-04,0.64029957
2012-06-07,0.64121155
2012-06-08,0.64151584
2012-06-11,0.64242956
2012-06-12,0.64273442
2012-06-14,0.64334458
2012-06-15,0.64364988
2012-06-18,0.64456664
2012-06-19,0.64487251
2012-06-20,0.64517853
2012-06-21,0.6454847
2012-06-25,0.64671082
2012-06-26,0.64701772
2012-06-27,0.64732475
2012-06-28,0.64763194
2012-06-29,0.64793927
2012-07-02,0.64886214
2012-07-03,0.64917005
2012-07-04,0.64947812
2012-07-09,0.65102062
2012-07-11,0.65163864
2012-07-16,0.65318627
2012-07-17,0.65349624
2012-07-23,0.65535913
2012-07-25,0.65598127
2012-07-26,0.65629257
2012-07-27,0.65660401
2012-07-30,0.65753922
2012-08-01,0.65816343
2012-08-03,0.65878824
2012-08-06,0.65972656
2012-08-07,0.66003963
2012-08-09,0.66066622
2012-08-10,0.66097973
2012-08-13,0.66192117
2012-08-20,0.66412309
2012-08-28,0.66664854
2012-08-29,0.66696489
2012-08-30,0.6672814
2012-09-03,0.66854892
2012-09-04,0.66886618
2012-09-05,0.66918359
2012-09-06,0.66950115
2012-09-07,0.66981886
2012-09-10,0.67077289
2012-09-11,0.6710912
2012-09-17,0.67300425
2012-09-18,0.67332362
2012-09-19,0.67364315
2012-09-21,0.67428265
2012-09-24,0.67524304
2012-09-26,0.67588406
2012-09-27,0.67620479
2012-09-28,0.67652568
2012-10-08,0.67974297
2012-10-10,0.68038827
2012-10-11,0.68071114
2012-10-12,0.68103417
2012-10-16,0.68232782
2012-10-17,0.68265161
2012-10-18,0.68297556
2012-10-19,0.68329967
2012-10-22,0.6842729
2012-10-23,0.68459762
2012-10-25,0.68524752
2012-10-26,0.6855727
2012-10-29,0.68654917
2012-10-30,0.68687497
2012-11-02,0.6878533
2012-11-05,0.68883301
2012-11-07,0.68948694
2012-11-08,0.68981413
2012-11-09,0.69014148
2012-11-12,0.69112445
2012-11-13,0.69145243
2012-11-14,0.69178055
2012-11-15,0.69210883
2012-11-16,0.69243727
2012-11-20,0.69375258
2012-11-21,0.6940818
2012-11-22,0.69441117
2012-11-23,0.6947407
2012-11-26,0.69573023
2012-11-28,0.6963907
2012-12-04,0.69837587
2012-12-06,0.69903885
2012-12-07,0.69937057
2012-12-12,0.70103157
2012-12-13,0.70136424
2012-12-14,0.70169707
2012-12-19,0.70336359
2012-12-20,0.70369736
2012-12-24,0.70503406
2012-12-25,0.70536863
2012-12-26,0.70570336
2012-12-28,0.7063733
2013-01-09,0.71040629
2013-01-11,0.7110807
2013-01-14,0.7120935
2013-01-16,0.7127695
2013-01-17,0.71310774
2013-01-18,0.71344614
2013-01-23,0.71514057
2013-01-24,0.71547993
2013-01-25,0.71581946
2013-01-28,0.71683901
2013-01-29,0.71717919
2013-01-31,0.71786002
2013-02-01,0.71820067
2013-02-08,0.72058981
2013-02-18,0.72401665
2013-02-20,0.72470397
2013-02-22,0.72539194
2013-02-28,0.72745979
2013-03-01,0.727805
2013-03-04,0.72884162
2013-03-06,0.72953352
2013-03-08,0.73022608
2013-03-11,0.73126615
2013-03-12,0.73161317
2013-03-13,0.73196036
2013-03-14,0.73230771
2013-03-15,0.73265522
2013-03-19,0.73404692
2013-03-20,0.73439526
2013-03-21,0.73474377
2013-03-22,0.73509244
2013-03-27,0.73683827
2013-04-01,0.73858825
2013-04-03,0.7392894
2013-04-08,0.7410452
2013-04-09,0.74139686
2013-04-10,0.74174869
2013-04-12,0.74245284
2013-04-16,0.74386316
2013-04-17,0.74421616
2013-04-18,0.74456932
2013-04-19,0.74492265
2013-04-23,0.74633766
2013-04-26,0.74740068
2013-05-02,0.74953126
2013-05-03,0.74988695
2013-05-08,0.75166792
2013-05-09,0.75202462
2013-05-13,0.75345311
2013-05-14,0.75381066
2013-05-17,0.75488433
2013-05-21,0.75631825
2013-05-23,0.75703624
2013-05-27,0.75847426
2013-05-29,0.75919429
2013-05-31,0.75991501
2013-06-03,0.76099736
2013-06-07,0.76244291
2013-06-13,0.76461637
2013-06-14,0.76497921
2013-06-17,0.76606878
2013-06-18,0.76643232
2013-06-19,0.76679603
2013-06-20,0.76715991
2013-06-25,0.7689819
2013-06-26,0.76934681
2013-07-01,0.771174
2013-07-02,0.77153996
2013-07-03,0.77190609
2013-07-04,0.77227239
2013-07-05,0.77263887
2013-07-09,0.77410653
2013-07-10,0.77447388
2013-07-11,0.7748414
2013-07-12,0.7752091
2013-07-15,0.77631324
2013-07-16,0.77668163
2013-07-17,0.77705021
2013-07-19,0.77778787
2013-07-22,0.77889569
2013-07-23,0.77926531
2013-07-24,0.77963511
2013-07-29,0.78148673
2013-07-30,0.78185758
2013-07-31,0.7822286
2013-08-02,0.78297119
2013-08-07,0.78483073
2013-08-08,0.78520317
2013-08-12,0.78669469
2013-08-14,0.78744151
2013-08-21,0.79006098
2013-08-23,0.790811
2013-08-26,0.79193736
2013-08-27,0.79231317
2013-08-29,0.79306533
2013-08-30,0.79344167
2013-09-04,0.79532608
2013-09-09,0.79721497
2013-09-11,0.79797178
2013-09-12,0.79835045
2013-09-17,0.80024652
2013-09-25,0.8032896
2013-09-27,0.80405218
2013-09-30,0.8051974
2013-10-10,0.8090266
2013-10-15,0.81094803
2013-10-16,0.81133286
2013-10-18,0.81210307
2013-10-23,0.8140318
2013-10-24,0.8144181
2013-10-28,0.81596511
2013-10-29,0.81635233
2013-10-30,0.81673972
2013-10-31,0.8171273
2013-11-04,0.81867947
2013-11-08,0.82023458
2013-11-11,0.82140285
2013-11-12,0.82179264
2013-11-13,0.82218262
2013-11-14,0.82257278
2013-11-15,0.82296313
2013-11-18,0.82413529
2013-11-20,0.82491766
2013-11-21,0.82530912
2013-11-25,0.82687682
2013-11-26,0.82726921
2013-11-27,0.82766179
2013-11-28,0.82805455
2013-12-02,0.82962747
2013-12-04,0.83041505
2013-12-05,0.83080912
2013-12-06,0.83120338
2013-12-09,0.83238727
2013-12-11,0.83317747
2013-12-12,0.83357285
2013-12-13,0.83396842
2013-12-17,0.83555257
2013-12-19,0.83634578
2013-12-23,0.83793445
2013-12-24,0.83833208
2013-12-27,0.83952613
2014-01-06,0.84351859
2014-01-08,0.84431935
2014-01-09,0.84472002
2014-01-10,0.84512088
2014-01-14,0.84672622
2014-01-15,0.84712803
2014-01-16,0.84753003
2014-01-20,0.84913994
2014-01-22,0.84994605
2014-01-23,0.85034939
2014-01-24,0.85075292
2014-01-27,0.85196465
2014-01-28,0.85236895
2014-01-29,0.85277344
2014-01-30,0.85317812
2014-02-10,0.8576423
2014-02-12,0.85845647
2014-02-13,0.85886385
2014-02-20,0.8617209
2014-02-21,0.86212983
2014-02-25,0.86376748
2014-02-27,0.86458747
2014-02-28,0.86499775
2014-03-04,0.86664085
2014-03-05,0.86705211
2014-03-07,0.86787521
2014-03-11,0.86952377
2014-03-12,0.8699364
2014-03-13,0.87034923
2014-03-14,0.87076225
2014-03-17,0.87200249
2014-03-18,0.87241629
2014-03-19,0.87283029
2014-03-20,0.87324449
2014-03-21,0.87365889
2014-03-24,0.87490325
2014-03-26,0.87573381
2014-03-31,0.87781366
2014-04-02,0.87864699
2014-04-03,0.87906395
2014-04-08,0.88115171
2014-04-09,0.88156985
2014-04-10,0.8819882
2014-04-15,0.88408291
2014-04-16,0.88450244
2014-04-17,0.88492218
2014-04-21,0.88660312
2014-04-22,0.88702386
2014-04-24,0.88786592
2014-04-25,0.88828726
2014-04-29,0.88997459
2014-04-30,0.89039692
2014-05-06,0.89293514
2014-05-07,0.89335888
2014-05-09,0.89420696
2014-05-12,0.89548059
2014-05-14,0.89633068
2014-05-16,0.89718159
2014-05-19,0.89845945
2014-05-20,0.89888581
2014-05-22,0.89973914
2014-05-28,0.90230399
2014-05-30,0.90316056
2014-06-03,0.90487615
2014-06-05,0.90573516
2014-06-09,0.90745564
2014-06-10,0.90788627
2014-06-12,0.90874814
2014-06-16,0.91047434
2014-06-19,0.91177114
2014-06-20,0.91220382
2014-06-23,0.91350308
2014-06-24,0.91393658
2014-06-25,0.91437028
2014-06-26,0.9148042
2014-06-27,0.91523831
2014-06-30,0.9165419
2014-07-01,0.91697684
2014-07-02,0.91741199
2014-07-04,0.9182829
2014-07-07,0.91959082
2014-07-08,0.92002721
2014-07-09,0.92046381
2014-07-14,0.92264989
2014-07-15,0.92308773
2014-07-17,0.92396404
2014-07-18,0.9244025
2014-07-22,0.92615844
2014-07-24,0.92703765
2014-07-25,0.92747758
2014-07-28,0.92879859
2014-07-29,0.92923935
2014-08-04,0.93188829
2014-08-06,0.93277295
2014-08-07,0.93321559
2014-08-12,0.93543197
2014-08-14,0.93631999
2014-08-15,0.93676431
2014-08-18,0.93809856
2014-08-21,0.93943471
2014-08-22,0.93988051
2014-08-26,0.94166585
2014-08-27,0.94211271
2014-08-28,0.94255979
2014-08-29,0.94300707
2014-09-01,0.94435021
2014-09-02,0.94479835
2014-09-09,0.94794127
2014-09-10,0.94839112
2014-09-11,0.94884117
2014-09-12,0.94929144
2014-09-15,0.95064353
2014-09-17,0.95154599
2014-09-19,0.95244931
2014-09-22,0.9538059
2014-09-25,0.95516441
2014-09-29,0.95697878
2014-10-08,0.96107372
2014-10-10,0.96198609
2014-10-13,0.96335626
2014-10-14,0.96381341
2014-10-15,0.96427079
2014-10-16,0.96472838
2014-10-21,0.96701959
2014-10-23,0.9679376
2014-10-24,0.96839693
2014-10-27,0.96977623
2014-10-29,0.97069686
2014-10-30,0.9711575
2014-11-03,1.75024077
2014-11-04,1.75107134
2014-11-05,1.75190231
2014-11-06,1.75273366
2014-11-07,1.75356542
2014-11-10,1.75606304
2014-11-11,1.75689638
2014-11-12,1.7577301
2014-11-13,1.75856423
2014-11-14,1.75939875
2014-11-17,1.76190468
2014-11-18,1.76274079
2014-11-19,1.76357729
2014-11-20,1.76441419
2014-11-21,1.76525148
2014-11-24,1.76776575
2014-11-25,1.76860464
2014-11-26,1.76944392
2014-11-27,1.77028361
2014-11-28,1.77112369
2014-12-01,1.77364632
2014-12-02,1.774488
2014-12-03,1.77533008
2014-12-04,1.77617255
2014-12-05,1.77701543
2014-12-08,1.77954645
2014-12-09,1.78039093
2014-12-10,1.78123581
2014-12-11,1.78208109
2014-12-12,1.78292677
2014-12-15,1.78546621
2014-12-16,1.7863135
2014-12-17,1.78716119
2014-12-18,1.78800928
2014-12-19,1.78885777
2014-12-22,1.79140566
2014-12-23,1.79225577
2014-12-24,1.79310628
2014-12-25,1.79395719
2014-12-26,1.7948085
2014-12-29,1.79736487
2014-12-30,1.7982178
2014-12-31,1.79907114
2015-01-05,1.8033439
2015-01-06,1.80419967
2015-01-07,1.80505585
2015-01-08,1.80591243
2015-01-09,1.80676942
2015-01-12,1.80934283
2015-01-13,1.81020144
2015-01-14,1.81106047
2015-01-15,1.8119199
2015-01-16,1.81277974
2015-01-19,1.8153617
2015-01-20,1.81622318
2015-01-21,1.81708506
2015-01-22,1.81794735
2015-01-23,1.81881005
2015-01-26,1.8214006
2015-01-27,1.82226494
2015-01-28,1.82312969
2015-01-29,1.82399485
2015-01-30,1.82486042
2015-02-02,1.51745975
2015-02-03,1.51817985
2015-02-04,1.5189003
2015-02-05,1.51962109
2015-02-06,1.52034222
2015-02-09,1.52250766
2015-02-10,1.52323016
2015-02-11,1.523953
2015-02-12,1.52467619
2015-02-13,1.52539972
2015-02-16,1.52757237
2015-02-17,1.52829727
2015-02-25,1.53410889
2015-02-26,1.5348369
2015-02-27,1.53556525
2015-03-02,1.53775238
2015-03-03,1.53848211
2015-03-04,1.53921219
2015-03-05,1.53994262
2015-03-06,1.54067339
2015-03-09,1.54286779
2015-03-10,1.54359996
2015-03-11,1.54433246
2015-03-12,1.54506532
2015-03-13,1.54579853
2015-03-16,1.54800023
2015-03-17,1.54873482
2015-03-18,1.54946977
2015-03-19,1.55020506
2015-03-20,1.55094071
2015-03-23,1.55314973
2015-03-24,1.55388678
2015-03-25,1.55462417
2015-03-26,1.55536191
2015-03-27,1.5561
2015-03-30,1.55831637
2015-03-31,1.55905586
2015-04-01,1.55979571
2015-04-02,1.5605359
2015-04-03,1.56127645
2015-04-07,1.56424215
2015-04-08,1.56498445
2015-04-09,1.56572711
2015-04-10,1.56647012
2015-04-13,1.56870126
2015-04-14,1.56944569
2015-04-15,1.57019046
2015-04-16,1.57093559
2015-04-17,1.57168107
2015-04-20,1.57391963
2015-04-21,1.57466653
2015-04-22,1.57541378
2015-04-23,1.57616139
2015-04-24,1.57690935
2015-04-27,1.57915536
2015-04-28,1.57990475
2015-04-29,1.58065448
2015-04-30,1.58140458
2015-05-04,1.58440851
2015-05-05,1.58516038
2015-05-06,1.58591262
2015-05-07,1.5866652
2015-05-08,1.58741815
2015-05-11,1.58967913
2015-05-12,1.59043351
2015-05-13,1.59118824
2015-05-14,1.59194333
2015-05-15,1.59269878
2015-05-18,1.59496729
2015-05-19,1.59572417
2015-05-20,1.59648142
2015-05-21,1.59723902
2015-05-22,1.59799698
2015-05-25,1.60027303
2015-05-26,1.60103243
2015-05-27,1.6017922
2015-05-28,1.60255232
2015-05-29,1.60331281
2015-06-01,1.07493707
2015-06-04,1.07646812
2015-06-08,1.07851291
2015-06-10,1.07953676
2015-06-12,1.08056158
2015-06-15,1.08210064
2015-06-16,1.08261415
2015-06-17,1.0831279
2015-06-18,1.08364189
2015-06-23,1.08621552
2015-06-29,1.08931195
2015-06-30,1.08982888
2015-07-02,1.09086347
2015-07-03,1.09138113
2015-07-06,1.0929356
2015-07-07,1.09345425
2015-07-09,1.09449229
2015-07-10,1.09501167
2015-07-13,1.09657131
2015-07-14,1.09709169
2015-07-16,1.09813317
2015-07-20,1.10021912
2015-07-21,1.10074122
2015-07-22,1.10126357
2015-07-27,1.10387906
2015-07-29,1.10492699
2015-07-31,1.10597591
2015-08-03,1.10755117
2015-08-05,1.10860259
2015-08-07,1.109655
2015-08-11,1.11176283
2015-08-12,1.11229041
2015-08-13,1.11281825
2015-08-14,1.11334633
2015-08-17,1.11493208
2015-08-21,1.11704994
2015-08-24,1.11864097
2015-08-26,1.11970291
2015-08-27,1.12023426
2015-08-28,1.12076586
2015-08-31,1.12236219
2015-09-01,1.67722923
2015-09-02,1.67802515
2015-09-07,1.68201043
2015-09-08,1.68280863
2015-09-09,1.6836072
2015-09-10,1.68440614
2015-09-11,1.68520547
2015-09-14,1.68760573
2015-09-15,1.68840658
2015-09-16,1.68920781
2015-09-17,1.69000941
2015-09-18,1.6908114
2015-09-21,1.69321965
2015-09-22,1.69402316
2015-09-23,1.69482705
2015-09-24,1.69563132
2015-09-25,1.69643598
2015-09-28,1.69885223
2015-09-29,1.69965842
2015-09-30,1.70046498
2015-10-08,1.70693131
2015-10-09,1.70774132
2015-10-12,1.71017368
2015-10-13,1.71098524
2015-10-14,1.71179718
2015-10-15,1.71260951
2015-10-16,1.71342222
2015-10-19,1.71586267
2015-10-20,1.71667692
2015-10-21,1.71749157
2015-10-22,1.71830659
2015-10-23,1.71912201
2015-10-26,1.72157058
2015-10-27,1.72238754
2015-10-28,1.72320489
2015-10-29,1.72402263
2015-10-30,1.72484076
2015-11-02,1.72729748
2015-11-03,1.72811716
2015-11-04,1.72893723
2015-11-05,1.72975769
2015-11-06,1.73057854
2015-11-09,1.73304343
2015-11-10,1.73386583
2015-11-11,1.73468863
2015-11-12,1.73551182
2015-11-13,1.7363354
2015-11-16,1.73880849
2015-11-17,1.73963363
2015-11-18,1.74045917
2015-11-19,1.7412851
2015-11-20,1.74211142
2015-11-23,1.74459273
2015-11-24,1.74542062
2015-11-25,1.7462489
2015-11-26,1.74707758
2015-11-27,1.74790665
2015-11-30,1.75039621
2015-12-01,1.17243576
2015-12-02,1.17299214
2015-12-03,1.17354877
2015-12-04,1.17410568
2015-12-07,1.17577797
2015-12-09,1.17689416
2015-12-10,1.17745265
2015-12-14,1.17968926
2015-12-16,1.18080916
2015-12-21,1.18361356
2015-12-22,1.18417524
2015-12-25,1.18586188
2015-12-28,1.18755092
2015-12-29,1.18811446
2015-12-31,1.18924236
2016-01-05,1.19206679
2016-01-06,1.19263248
2016-01-07,1.19319844
2016-01-08,1.19376467
2016-01-11,1.19546496
2016-01-13,1.19659984
2016-01-15,1.19773579
2016-01-20,1.20058039
2016-01-21,1.20115012
2016-01-22,1.20172012
2016-01-25,1.20343175
2016-01-26,1.20400283
2016-01-27,1.20457419
2016-01-28,1.20514582
2016-01-29,1.20571771
2016-02-01,1.80350406
2016-02-02,1.80435991
2016-02-03,1.80521616
2016-02-04,1.80607282
2016-02-05,1.80692988
2016-02-15,1.81552293
2016-02-16,1.81638448
2016-02-17,1.81724643
2016-02-18,1.8181088
2016-02-19,1.81897158
2016-02-22,1.82156236
2016-02-23,1.82242678
2016-02-24,1.8232916
2016-02-25,1.82415684
2016-02-26,1.82502249
2016-02-29,1.82762189
2016-03-01,1.82848918
2016-03-02,1.82935688
2016-03-03,1.830225
2016-03-04,1.83109352
2016-03-07,1.83370157
2016-03-08,1.83457175
2016-03-09,1.83544234
2016-03-10,1.83631334
2016-03-11,1.83718475
2016-03-14,1.83980148
2016-03-15,1.84067455
2016-03-16,1.84154804
2016-03-17,1.84242194
2016-03-18,1.84329625
2016-03-21,1.84592168
2016-03-22,1.84679766
2016-03-23,1.84767405
2016-03-24,1.84855085
2016-03-25,1.84942807
2016-03-28,1.85206224
2016-03-29,1.85294113
2016-03-30,1.85382043
2016-03-31,1.85470016
2016-04-01,1.24229976
2016-04-07,1.24584113
2016-04-08,1.24643234
2016-04-12,1.24879998
2016-04-13,1.24939259
2016-04-15,1.25057866
2016-04-18,1.25235988
2016-04-19,1.25295418
2016-04-21,1.25414363
2016-04-22,1.25473878
2016-04-25,1.25652592
2016-04-26,1.2571222
2016-04-28,1.25831561
2016-04-29,1.25891273
2016-05-03,2.26883941
2016-05-04,2.26991607
2016-05-05,2.27099325
2016-05-06,2.27207094
2016-05-09,2.27530709
2016-05-10,2.27638682
2016-05-11,2.27746707
2016-05-12,2.27854784
2016-05-13,2.27962911
2016-05-16,2.28287602
2016-05-17,2.28395935
2016-05-18,2.28504319
2016-05-19,2.28612755
2016-05-20,2.28721242
2016-05-23,2.29047013
2016-05-24,2.29155706
2016-05-25,2.29264451
2016-05-26,2.29373248
2016-05-27,2.29482096
2016-05-30,2.2980895
2016-05-31,2.29918005
2016-06-01,2.30027112
2016-06-02,2.3013627
2016-06-03,2.30245481
2016-06-06,2.30573422
2016-06-07,2.3068284
2016-06-08,2.3079231
2016-06-13,2.31340437
2016-06-14,2.31450219
2016-06-15,2.31560053
2016-06-16,2.31669939
2016-06-17,2.31779877
2016-06-20,2.32110004
2016-06-21,2.32220151
2016-06-22,2.3233035
2016-06-23,2.32440601
2016-06-24,2.32550905
2016-06-27,2.32882131
2016-06-28,2.32992644
2016-06-29,2.3310321
2016-06-30,2.33213828
2016-07-01,1.29710874
2016-07-04,1.29895623
2016-07-07,1.30080635
2016-07-08,1.30142365
2016-07-11,1.30327728
2016-07-14,1.30513356
2016-07-18,1.3076127
2016-07-20,1.30885404
2016-07-22,1.31009656
2016-07-25,1.31196255
2016-07-27,1.31320802
2016-07-28,1.31383119
2016-08-01,1.31632686
2016-08-02,1.31695152
2016-08-03,1.31757647
2016-08-05,1.31882727
2016-08-08,1.3207057
2016-08-09,1.32133243
2016-08-11,1.3225868
2016-08-12,1.32321442
2016-08-16,1.32572792
2016-08-19,1.32761617
2016-08-23,1.33013802
2016-08-24,1.33076923
2016-08-25,1.33140074
2016-08-29,1.33392979
2016-08-30,1.3345628
2016-08-31,1.33519611
2016-09-01,1.33582972
2016-09-05,1.33836718
2016-09-06,1.33900229
2016-09-07,1.33963771
2016-09-08,1.34027343
2016-09-12,1.34281933
2016-09-13,1.34345656
2016-09-14,1.34409409
2016-09-19,1.34728629
2016-09-22,1.34920525
2016-09-26,1.35176811
2016-09-28,1.35305137
2016-09-29,1.35369345
2016-09-30,1.35433584
2016-10-10,1.36077653
2016-10-11,1.36142228
2016-10-14,1.36336137
2016-10-18,1.36595113
2016-10-20,1.36724785
2016-10-21,1.36789667
2016-10-24,1.36984498
2016-10-25,1.37049504
2016-10-26,1.3711454
2016-10-28,1.37244705
2016-11-01,1.37505406
2016-11-02,1.37570659
2016-11-03,1.37635943
2016-11-07,1.37897387
2016-11-08,1.37962826
2016-11-14,1.3835611
2016-11-16,1.38487454
2016-11-18,1.38618923
2016-11-21,1.38816359
2016-11-25,1.39080046
2016-11-28,1.3927814
2016-11-29,1.39344233
2016-11-30,1.39410359
2016-12-01,1.39476515
2016-12-02,1.39542703
2016-12-05,1.39741456
2016-12-06,1.3980777
2016-12-07,1.39874115
2016-12-08,1.39940491
2016-12-19,1.40672717
2016-12-20,1.40739473
2016-12-21,1.4080626
2016-12-23,1.4093993
2016-12-26,1.41140673
2016-12-27,1.41207651
2016-12-30,1.41408774
2017-01-04,1.41744618
2017-01-05,1.41811882
2017-01-06,1.41879178
2017-01-09,1.42081259
2017-01-10,1.42148683
2017-01-16,1.425539
2017-01-20,1.42824686
2017-01-24,1.43095987
2017-01-25,1.43163892
2017-01-26,1.4323183
2017-02-03,1.43776495
2017-02-07,1.44049603
2017-02-09,1.44186352
2017-02-10,1.44254775
2017-02-13,1.44460239
2017-02-14,1.44528792
2017-02-15,1.44597378
2017-02-17,1.44734647
2017-02-20,1.44940794
2017-02-21,1.45009575
2017-02-27,1.45422947
2017-02-28,1.45491957
2017-03-02,1.45630075
2017-03-06,1.45906705
2017-03-07,1.45975944
2017-03-13,1.46392071
2017-03-14,1.46461541
2017-03-16,1.4660058
2017-03-21,1.46948753
2017-03-22,1.47018487
2017-03-23,1.47088254
2017-03-27,1.47367654
2017-03-28,1.47437587
2017-03-29,1.47507552
2017-04-07,1.48138742
2017-04-10,1.48349738
2017-04-11,1.48420136
2017-04-17,1.48843231
2017-04-18,1.48913864
2017-04-19,1.48984531
2017-04-20,1.49055231
2017-04-26,1.49480136
2017-04-27,1.49551071
2017-04-28,1.4962204
2017-05-03,1.49977389
2017-05-08,1.50333583
2017-05-09,1.50404923
2017-05-10,1.50476297
2017-05-11,1.50547705
2017-05-15,1.50833676
2017-05-16,1.50905254
2017-05-19,1.5112019
2017-05-22,1.51335432
2017-05-23,1.51407248
2017-05-24,1.51479098
2017-05-26,1.516229
2017-06-01,1.52055124
2017-06-08,1.52560944
2017-06-09,1.52633341
2017-06-12,1.52850739
2017-06-13,1.52923273
2017-06-14,1.52995843
2017-06-16,1.53141084
2017-06-19,1.53359205
2017-06-21,1.53504792
2017-06-22,1.53577637
2017-06-23,1.53650516
2017-06-28,1.54015434
2017-06-30,1.54161643
2017-07-04,1.54454479
2017-07-05,1.54527774
2017-07-06,1.54601105
2017-07-10,1.54894775
2017-07-12,1.55041819
2017-07-13,1.55115394
2017-07-14,1.55189003
2017-07-17,1.55410041
2017-07-18,1.5548379
2017-07-19,1.55557574
2017-07-25,1.56001016
2017-07-26,1.56075045
2017-07-27,1.5614911
2017-07-28,1.5622321
2017-08-02,1.56594237
2017-08-03,1.56668549
2017-08-04,1.56742895
2017-08-07,1.56966146
2017-08-08,1.57040634
2017-08-10,1.57189715
2017-08-14,1.57488302
2017-08-15,1.57563038
2017-08-17,1.57712615
2017-08-18,1.57787457
2017-08-21,1.58012196
2017-08-23,1.58162199
2017-08-24,1.58237255
2017-08-25,1.58312346
2017-08-28,1.58537832
2017-08-29,1.58613065
2017-08-31,1.5876364
2017-09-01,1.5883898
2017-09-04,1.59065217
2017-09-11,1.59594356
2017-09-13,1.59745861
2017-09-14,1.59821668
2017-09-18,1.60125255
2017-09-21,1.60353324
2017-09-27,1.60810436
2017-10-09,1.61728573
2017-10-12,1.61958925
2017-10-13,1.62035782
2017-10-16,1.62266572
2017-10-19,1.6249769
2017-10-20,1.62574803
2017-10-23,1.62806361
2017-10-24,1.6288362
2017-10-26,1.63038248
2017-10-30,1.63347945
2017-11-01,1.63503014
2017-11-02,1.63580603
2017-11-03,1.6365823
2017-11-06,1.63891331
2017-11-07,1.63969105
2017-11-09,1.64124763
2017-11-13,1.64436524
2017-11-17,1.64748877
2017-11-20,1.64983531
2017-11-24,1.65296923
2017-11-27,1.65532358
2017-11-28,1.6561091
2017-12-01,1.65846792
2017-12-04,1.6608301
2017-12-05,1.66161824
2017-12-11,1.66635494
2017-12-18,1.67189816
2017-12-20,1.67348533
2017-12-21,1.67427947
2017-12-26,1.67825586
2017-12-28,1.67984905
2017-12-29,1.68064622
2018-01-02,1.68383867
2018-01-03,1.68463772
2018-01-04,1.68543716
2018-01-08,1.68863871
2018-01-09,1.68944005
2018-01-10,1.69024176
2018-01-12,1.69184634
2018-01-16,1.69506006
2018-01-17,1.69586444
2018-01-18,1.69666921
2018-01-22,1.69989209
2018-01-23,1.70069877
2018-01-24,1.70150583
2018-01-25,1.70231327
2018-01-26,1.7031211
2018-01-29,1.70554688
2018-02-02,1.70878662
2018-02-06,1.71203252
2018-02-07,1.71284496
2018-02-08,1.71365779
2018-02-12,1.71691294
2018-02-22,1.7250779
2018-02-26,1.72835475
2018-02-27,1.72917493
2018-02-28,1.7299955
2018-03-06,1.73492713
2018-03-07,1.73575043
2018-03-08,1.73657412
2018-03-09,1.73739821
2018-03-12,1.73987281
2018-03-14,1.7415245
2018-03-16,1.74317776
2018-03-20,1.74648898
2018-03-22,1.74814696
2018-03-29,1.75396226
2018-03-30,1.7547946
2018-04-02,1.75729398
2018-04-03,1.75812789
2018-04-04,1.7589622
2018-04-11,1.76481349
2018-04-13,1.76648886
2018-04-17,1.76984436
2018-04-18,1.77068424
2018-04-19,1.77152451
2018-04-23,1.77488958
2018-04-24,1.77573185
2018-04-25,1.77657451
2018-04-26,1.77741758
2018-04-27,1.77826105
2018-05-03,1.78333026
2018-05-04,1.78417653
2018-05-07,1.78671776
2018-05-08,1.78756563
2018-05-09,1.78841392
2018-05-10,1.7892626
2018-05-11,1.79011169
2018-05-14,1.79266137
2018-05-15,1.79351207
2018-05-16,1.79436317
2018-05-18,1.79606659
2018-05-21,1.79862475
2018-05-23,1.80033222
2018-05-25,1.80204131
2018-05-29,1.80546435
2018-06-08,1.81405042
2018-06-11,1.8166342
2018-06-12,1.81749628
2018-06-13,1.81835876
2018-06-15,1.82008496
2018-06-22,1.82613957
2018-06-26,1.82960839
2018-06-27,1.83047662
2018-06-28,1.83134527
2018-06-29,1.83221433
2018-07-04,1.8365658
2018-07-09,1.84092762
2018-07-10,1.84180122
2018-07-11,1.84267524
2018-07-13,1.84442452
2018-07-17,1.84792807
2018-07-18,1.848805
2018-07-19,1.84968234
2018-07-20,1.8505601
2018-07-24,1.85407531
2018-07-25,1.85495515
2018-07-27,1.85671609
2018-07-30,1.85936064
2018-07-31,1.86024299
2018-08-01,1.86112576
2018-08-06,1.8655459
2018-08-07,1.86643119
2018-08-08,1.8673169
2018-08-09,1.86820302
2018-08-10,1.86908957
2018-08-13,1.87175174
2018-08-16,1.8744177
2018-08-17,1.8753072
2018-08-20,1.87797823
2018-08-21,1.87886941
2018-08-22,1.87976102
2018-08-23,1.88065306
2018-08-27,1.88422542
2018-08-28,1.88511957
2018-08-29,1.88601415
2018-08-31,1.88780458
2018-09-07,1.89408446
2018-09-11,1.89768234
2018-09-12,1.89858288
2018-09-13,1.89948384
2018-09-14,1.90038524
2018-09-17,1.90309198
2018-09-20,1.90580258
2018-09-25,1.91032883
2018-09-26,1.91123537
2018-09-28,1.91304973
2018-10-08,1.92214745
2018-10-09,1.92305959
2018-10-12,1.92579863
2018-10-17,1.93037237
2018-10-19,1.93220491
2018-10-23,1.9358752
2018-10-24,1.93679386
2018-10-25,1.93771296
2018-10-26,1.93863249
2018-10-29,1.94139371
2018-10-31,1.94323671
2018-11-01,1.94415887
2018-11-05,1.94785186
2018-11-06,1.94877621
2018-11-07,1.94970099
2018-11-08,1.95062622
2018-11-12,1.9543315
2018-11-14,1.95618678
2018-11-15,1.95711508
2018-11-19,1.96083269
2018-11-21,1.96269414
2018-11-23,1.96455736
2018-11-26,1.96735551
2018-11-27,1.96828911
2018-11-30,1.97109257
2018-12-03,1.97390002
2018-12-06,1.97671147
2018-12-07,1.97764951
2018-12-10,1.98046631
2018-12-11,1.98140613
2018-12-12,1.9823464
2018-12-13,1.98328711
2018-12-14,1.98422827
2018-12-18,1.98799738
2018-12-19,1.98894078
2018-12-20,1.98988462
2018-12-21,1.99082892
2018-12-25,1.99461057
2018-12-26,1.9955571
2018-12-27,1.99650408
2019-01-03,2.00314556
2019-01-04,2.00409615
2019-01-07,2.00695061
2019-01-08,2.007903
2019-01-09,2.00885584
2019-01-14,2.01362684
2019-01-15,2.0145824
2019-01-21,2.02032528
2019-01-24,2.02320286
2019-01-25,2.02416296
2019-01-28,2.027046
2019-01-29,2.02800793
2019-01-30,2.02897031
2019-01-31,2.02993315
2019-02-01,3.03347997
2019-02-11,3.04790601
2019-02-12,3.04935238
2019-02-13,3.05079944
2019-02-14,3.05224718
2019-02-15,3.05369562
2019-02-18,3.05804504
2019-02-19,3.05949622
2019-02-20,3.06094809
2019-02-21,3.06240065
2019-02-22,3.0638539
2019-02-25,3.06821779
2019-02-26,3.0696738
2019-02-27,3.0711305
2019-02-28,3.07258789
2019-03-01,3.07404598
2019-03-04,3.07842438
2019-03-05,3.07988524
2019-03-06,3.08134678
2019-03-07,3.08280902
2019-03-08,3.08427196
2019-03-11,3.08866493
2019-03-12,3.09013064
2019-03-13,3.09159705
2019-03-14,3.09306416
2019-03-15,3.09453196
2019-03-18,3.09893954
2019-03-19,3.10041013
2019-03-20,3.10188142
2019-03-21,3.1033534
2019-03-22,3.10482609
2019-03-25,3.10924833
2019-03-26,3.11072381
2019-03-27,3.11219999
2019-03-28,3.11367688
2019-03-29,3.11515446
2019-04-10,2.09748449
2019-04-11,2.09847984
2019-04-12,2.09947567
2019-04-16,2.1034637
2019-04-17,2.10446189
2019-04-18,2.10546055
2019-04-23,2.11046098
2019-04-24,2.1114625
2019-04-26,2.11346694
2019-04-30,2.11748155
2019-05-06,2.12351776
2019-05-09,2.12654231
2019-05-13,2.13058176
2019-05-17,2.13462887
2019-05-23,2.14071396
2019-05-27,2.14478033
2019-05-28,2.14579812
2019-05-29,2.1468164
2019-05-30,2.14783517
2019-05-31,2.14885441
2019-06-03,2.15191505
2019-06-04,2.15293624
2019-06-05,2.1539579
2019-06-06,2.15498006
2019-06-10,2.15907352
2019-06-11,2.1600981
2019-06-13,2.16214871
2019-06-17,2.16625579
2019-06-18,2.16728378
2019-06-19,2.16831226
2019-06-20,2.16934122
2019-06-21,2.17037067
2019-06-24,2.17346196
2019-06-26,2.17552527
2019-06-27,2.17655765
2019-07-01,2.1806921
2019-07-03,2.18276227
2019-07-04,2.18379809
2019-07-05,2.1848344
2019-07-08,2.18794629
2019-07-09,2.18898457
2019-07-10,2.19002335
2019-07-11,2.19106261
2019-07-15,2.19522461
2019-07-16,2.19626635
2019-07-18,2.1983513
2019-07-19,2.19939452
2019-07-23,2.20357235
2019-07-25,2.20566424
2019-07-26,2.20671093
2019-07-29,2.20985397
2019-07-30,2.21090265
2019-07-31,2.21195183
2019-08-01,2.2130015
2019-08-02,2.21405167
2019-08-07,2.21931
2019-08-08,2.22036317
2019-08-09,2.22141683
2019-08-14,2.22669266
2019-08-15,2.22774933
2019-08-16,2.2288065
2019-08-19,2.23198102
2019-08-22,2.23516006
2019-08-23,2.23622074
2019-08-26,2.23940582
2019-08-28,2.24153173
2019-08-29,2.24259544
2019-09-03,2.24792156
2019-09-04,2.24898831
2019-09-05,2.25005556
2019-09-09,2.25432962
2019-09-10,2.2553994
2019-09-11,2.25646969
2019-09-12,2.25754049
2019-09-16,2.26182877
2019-09-17,2.26290211
2019-09-20,2.26612519
2019-09-23,2.26935286
2019-09-24,2.27042977
2019-09-26,2.27258513
2019-09-27,2.27366358
2019-10-09,2.28664492
2019-10-11,2.28881567
2019-10-14,2.29207566
2019-10-15,2.29316336
2019-10-16,2.29425157
2019-10-17,2.2953403
2019-10-18,2.29642954
2019-10-22,2.30079169
2019-10-25,2.30406874
2019-10-28,2.30735045
2019-10-29,2.3084454
2019-10-31,2.31063684
2019-11-04,2.31502598
2019-11-08,2.31942346
2019-11-11,2.32272704
2019-11-13,2.32493205
2019-11-14,2.32603533
2019-11-18,2.33045372
2019-11-20,2.33266606
2019-11-22,2.3348805
2019-11-25,2.3382061
2019-11-26,2.33931569
2019-11-27,2.3404258
2019-11-28,2.34153644
2019-11-29,2.34264761
2019-12-02,4.21996696
2019-12-03,4.22196953
2019-12-04,4.22397304
2019-12-05,4.22597751
2019-12-06,4.22798293
2019-12-09,4.23400491
2019-12-10,4.23601414
2019-12-11,4.23802432
2019-12-12,4.24003546
2019-12-13,4.24204755
2019-12-16,4.24808956
2019-12-17,4.25010547
2019-12-18,4.25212234
2019-12-19,4.25414017
2019-12-20,4.25615895
2019-12-23,4.26222106
2019-12-24,4.26424368
2019-12-25,4.26626726
2019-12-26,4.2682918
2019-12-27,4.2703173
2019-12-30,4.27639957
2019-12-31,4.27842892
2020-01-02,4.2824905
2020-01-03,4.28452274
2020-01-06,4.29062524
2020-01-07,4.29266134
2020-01-08,4.29469841
2020-01-09,4.29673644
2020-01-10,4.29877544
2020-01-13,4.30489824
2020-01-14,4.30694111
2020-01-15,4.30898496
2020-01-16,4.31102977
2020-01-17,4.31307555
2020-01-20,4.31921872
2020-01-21,4.32126839
2020-01-22,4.32331903
2020-01-23,4.32537064
2020-02-03,3.61043232
2020-02-04,3.61214563
2020-02-05,3.61385976
2020-02-06,3.6155747
2020-02-07,3.61729046
2020-02-10,3.62244262
2020-02-11,3.62416163
2020-02-12,3.62588146
2020-02-13,3.62760211
2020-02-14,3.62932357
2020-02-17,3.63449287
2020-02-18,3.6362176
2020-02-19,3.63794315
2020-02-20,3.63966953
2020-02-21,3.64139672
2020-02-24,3.64658321
2020-02-25,3.64831368
2020-02-26,3.65004497
2020-02-27,3.65177708
2020-02-28,3.65351002
2020-03-02,3.65871376
2020-03-03,3.66044999
2020-03-04,3.66218704
2020-03-05,3.66392492
2020-03-06,3.66566362
2020-03-09,3.67088468
2020-03-10,3.67262668
2020-03-11,3.67436951
2020-03-12,3.67611317
2020-03-13,3.67785765
2020-03-16,3.68309607
2020-03-17,3.68484387
2020-03-18,3.6865925
2020-03-19,3.68834196
2020-03-20,3.69009224
2020-03-23,3.69534809
2020-03-24,3.69710171
2020-03-25,3.69885615
2020-03-26,3.70061143
2020-03-27,3.70236754
2020-03-30,3.70764087
2020-03-31,3.70940032
2020-04-01,2.48459951
2020-04-03,2.48695819
2020-04-07,2.49168225
2020-04-08,2.49286467
2020-04-10,2.49523119
2020-04-14,2.49997097
2020-04-16,2.50234423
2020-04-17,2.50353171
2020-04-20,2.50709753
2020-04-21,2.50828726
2020-04-22,2.50947756
2020-04-30,2.51902029
2020-05-08,2.52859932
2020-05-11,2.53220084
2020-05-12,2.53340248
2020-05-14,2.53580749
2020-05-15,2.53701084
2020-05-20,2.5430362
2020-05-26,2.55028552
2020-05-28,2.55270655
2020-05-29,2.55391793
2020-06-01,2.55755551
2020-06-02,2.55876918
2020-06-05,2.56241367
2020-06-10,2.56849936
2020-06-11,2.56971823
2020-06-15,2.5745995
2020-06-16,2.57582127
2020-06-19,2.57949005
2020-06-22,2.58316405
2020-06-29,2.59175709
2020-07-01,2.59421748
2020-07-02,2.59544856
2020-07-03,2.59668022
2020-07-07,2.60161271
2020-07-08,2.60284729
2020-07-09,2.60408246
2020-07-10,2.60531822
2020-07-14,2.61026711
2020-07-15,2.6115058
2020-07-16,2.61274508
2020-07-17,2.61398495
2020-07-20,2.61770808
2020-07-23,2.62143652
2020-07-27,2.62641603
2020-07-28,2.62766239
2020-07-30,2.63015687
